,feature_num,ind_scores,avg_score,stdev,ci68,yerr,features
0,10,"[0.29166666666666663, 0.3041666666666667, 0.325, 0.19166666666666665, 0.45833333333333337, 0.32083333333333336, 0.3458333333333333, 0.4208333333333333, 0.5458333333333334, 0.5458333333333334]",0.375,0.10921118685067634,"(0.26639407430165163, 0.4836059256983485)",0.10860592569834843,"[['TAU', 'HYI', 'PZP', 'CO6A2', 'METRN', 'FSCN1', 'CO7', 'SUMO4', 'CEMIP', '1433G'], ['1433Z', 'C1QT4', 'POTEJ', 'CO6A2', 'AK1C1', 'KLK11', '1433G', 'TAU', 'GLT15', 'MMP2'], ['1433G', 'CO7', 'TWSG1', 'AK1C1', 'NPY', 'AMY2B', '1433Z', 'PAL4A', 'MA1C1', 'TAU'], ['TAU', 'CLMP', 'MST1L', 'PGBM', 'HORN', 'FUCO', 'SEPR', '1433Z', 'CBLN4', 'GDIA'], ['GDIA', 'C1QB', 'PPIB', 'PILRA', 'TMM25', 'TAU', 'CLMP', 'VWF', '1433G', 'CO7'], ['PGK1', 'PHLB3', 'FCGBP', 'POTEJ', 'TAU', 'MMP2', '1433G', 'NPTX2', 'FCG3A', 'CHLE'], ['1433G', 'CBLN2', 'SEPR', 'HYAL1', 'ANXA2', 'TAU', 'ABHEA', 'AK1C1', '1433B', 'PAL4A'], ['TAU', 'CSF2R', 'MA1C1', 'SV2A', '1433Z', 'CO6A2', 'AK1C1', 'CO7', 'PPT1', '1433G'], ['TAU', 'NEDD8', 'HYI', 'MMP2', 'LV214', '1433G', 'CAH10', 'AK1C1', 'PAL4A', 'ERAP2'], ['TAU', 'XYLT1', 'CO7', 'CO6A2', 'TRFM', '1433G', 'AK1C1', 'PAL4A', 'MA1C1', 'ACBP']]"
1,11,"[0.32916666666666666, 0.36666666666666664, 0.4541666666666667, 0.17916666666666664, 0.36666666666666664, 0.3333333333333333, 0.3916666666666666, 0.4208333333333333, 0.45416666666666666, 0.5625]",0.3858333333333333,0.09551032521262935,"(0.2908523374977068, 0.48081432916895983)",0.09498099583562652,"[['TAU', 'HYI', 'PZP', 'CO6A2', 'METRN', 'FSCN1', 'CO7', 'SUMO4', 'CEMIP', '1433G', 'HBAZ'], ['1433Z', 'C1QT4', 'POTEJ', 'CO6A2', 'AK1C1', 'KLK11', '1433G', 'TAU', 'GLT15', 'MMP2', 'CHIT1'], ['1433G', 'CO7', 'TWSG1', 'AK1C1', 'NPY', 'AMY2B', '1433Z', 'PAL4A', 'MA1C1', 'TAU', 'MMP2'], ['TAU', 'CLMP', 'MST1L', 'PGBM', 'HORN', 'FUCO', 'SEPR', '1433Z', 'CBLN4', 'GDIA', 'GALNS'], ['GDIA', 'C1QB', 'PPIB', 'PILRA', 'TMM25', 'TAU', 'CLMP', 'VWF', '1433G', 'CO7', 'PAL4A'], ['PGK1', 'PHLB3', 'FCGBP', 'POTEJ', 'TAU', 'MMP2', '1433G', 'NPTX2', 'FCG3A', 'CHLE', 'FREM2'], ['1433G', 'CBLN2', 'SEPR', 'HYAL1', 'ANXA2', 'TAU', 'ABHEA', 'AK1C1', '1433B', 'PAL4A', 'FRIL'], ['TAU', 'CSF2R', 'MA1C1', 'SV2A', '1433Z', 'CO6A2', 'AK1C1', 'CO7', 'PPT1', '1433G', 'SCUB1'], ['TAU', 'NEDD8', 'HYI', 'MMP2', 'LV214', '1433G', 'CAH10', 'AK1C1', 'PAL4A', 'ERAP2', 'PRG4'], ['TAU', 'XYLT1', 'CO7', 'CO6A2', 'TRFM', '1433G', 'AK1C1', 'PAL4A', 'MA1C1', 'ACBP', 'HORN']]"
2,12,"[0.35416666666666663, 0.37916666666666665, 0.36666666666666664, 0.12916666666666665, 0.41666666666666663, 0.35416666666666663, 0.4125, 0.4083333333333333, 0.5583333333333333, 0.4583333333333333]",0.38375,0.10268022772991238,"(0.2816388380842159, 0.4858611619157841)",0.1021111619157841,"[['TAU', 'HYI', 'PZP', 'CO6A2', 'METRN', 'FSCN1', 'CO7', 'SUMO4', 'CEMIP', '1433G', 'HBAZ', 'PAL4A'], ['1433Z', 'C1QT4', 'POTEJ', 'CO6A2', 'AK1C1', 'KLK11', '1433G', 'TAU', 'GLT15', 'MMP2', 'CHIT1', 'CADH5'], ['1433G', 'CO7', 'TWSG1', 'AK1C1', 'NPY', 'AMY2B', '1433Z', 'PAL4A', 'MA1C1', 'TAU', 'MMP2', 'GMFB'], ['TAU', 'CLMP', 'MST1L', 'PGBM', 'HORN', 'FUCO', 'SEPR', '1433Z', 'CBLN4', 'GDIA', 'GALNS', 'PGK1'], ['GDIA', 'C1QB', 'PPIB', 'PILRA', 'TMM25', 'TAU', 'CLMP', 'VWF', '1433G', 'CO7', 'PAL4A', 'CADH5'], ['PGK1', 'PHLB3', 'FCGBP', 'POTEJ', 'TAU', 'MMP2', '1433G', 'NPTX2', 'FCG3A', 'CHLE', 'FREM2', '1433Z'], ['1433G', 'CBLN2', 'SEPR', 'HYAL1', 'ANXA2', 'TAU', 'ABHEA', 'AK1C1', '1433B', 'PAL4A', 'FRIL', 'CO7'], ['TAU', 'CSF2R', 'MA1C1', 'SV2A', '1433Z', 'CO6A2', 'AK1C1', 'CO7', 'PPT1', '1433G', 'SCUB1', 'SLIK2'], ['TAU', 'NEDD8', 'HYI', 'MMP2', 'LV214', '1433G', 'CAH10', 'AK1C1', 'PAL4A', 'ERAP2', 'PRG4', 'CNTP5'], ['TAU', 'XYLT1', 'CO7', 'CO6A2', 'TRFM', '1433G', 'AK1C1', 'PAL4A', 'MA1C1', 'ACBP', 'HORN', 'IGF2']]"
3,13,"[0.35416666666666663, 0.32916666666666666, 0.45416666666666666, 0.14166666666666666, 0.3416666666666666, 0.5458333333333333, 0.4125, 0.44166666666666665, 0.5083333333333334, 0.44583333333333336]",0.3975,0.10822430410956682,"(0.28987548762335164, 0.5051245123766485)",0.10762451237664841,"[['TAU', 'HYI', 'PZP', 'CO6A2', 'METRN', 'FSCN1', 'CO7', 'SUMO4', 'CEMIP', '1433G', 'HBAZ', 'PAL4A', 'MMP2'], ['1433Z', 'C1QT4', 'POTEJ', 'CO6A2', 'AK1C1', 'KLK11', '1433G', 'TAU', 'GLT15', 'MMP2', 'CHIT1', 'CADH5', '1433B'], ['1433G', 'CO7', 'TWSG1', 'AK1C1', 'NPY', 'AMY2B', '1433Z', 'PAL4A', 'MA1C1', 'TAU', 'MMP2', 'GMFB', 'CATH'], ['TAU', 'CLMP', 'MST1L', 'PGBM', 'HORN', 'FUCO', 'SEPR', '1433Z', 'CBLN4', 'GDIA', 'GALNS', 'PGK1', 'PPT1'], ['GDIA', 'C1QB', 'PPIB', 'PILRA', 'TMM25', 'TAU', 'CLMP', 'VWF', '1433G', 'CO7', 'PAL4A', 'CADH5', 'PGK1'], ['PGK1', 'PHLB3', 'FCGBP', 'POTEJ', 'TAU', 'MMP2', '1433G', 'NPTX2', 'FCG3A', 'CHLE', 'FREM2', '1433Z', 'PAL4A'], ['1433G', 'CBLN2', 'SEPR', 'HYAL1', 'ANXA2', 'TAU', 'ABHEA', 'AK1C1', '1433B', 'PAL4A', 'FRIL', 'CO7', 'PPT1'], ['TAU', 'CSF2R', 'MA1C1', 'SV2A', '1433Z', 'CO6A2', 'AK1C1', 'CO7', 'PPT1', '1433G', 'SCUB1', 'SLIK2', 'NPY'], ['TAU', 'NEDD8', 'HYI', 'MMP2', 'LV214', '1433G', 'CAH10', 'AK1C1', 'PAL4A', 'ERAP2', 'PRG4', 'CNTP5', 'SUMO4'], ['TAU', 'XYLT1', 'CO7', 'CO6A2', 'TRFM', '1433G', 'AK1C1', 'PAL4A', 'MA1C1', 'ACBP', 'HORN', 'IGF2', 'SMOC1']]"
4,14,"[0.4208333333333334, 0.4666666666666667, 0.375, 0.2708333333333333, 0.325, 0.26666666666666666, 0.42500000000000004, 0.4375, 0.4708333333333334, 0.5666666666666667]",0.40249999999999997,0.08964048564497332,"(0.3133563123956056, 0.4916436876043944)",0.08914368760439442,"[['TAU', 'HYI', 'PZP', 'CO6A2', 'METRN', 'FSCN1', 'CO7', 'SUMO4', 'CEMIP', '1433G', 'HBAZ', 'PAL4A', 'MMP2', 'FREM2'], ['1433Z', 'C1QT4', 'POTEJ', 'CO6A2', 'AK1C1', 'KLK11', '1433G', 'TAU', 'GLT15', 'MMP2', 'CHIT1', 'CADH5', '1433B', 'SMS'], ['1433G', 'CO7', 'TWSG1', 'AK1C1', 'NPY', 'AMY2B', '1433Z', 'PAL4A', 'MA1C1', 'TAU', 'MMP2', 'GMFB', 'CATH', 'PGK1'], ['TAU', 'CLMP', 'MST1L', 'PGBM', 'HORN', 'FUCO', 'SEPR', '1433Z', 'CBLN4', 'GDIA', 'GALNS', 'PGK1', 'PPT1', 'C1QC'], ['GDIA', 'C1QB', 'PPIB', 'PILRA', 'TMM25', 'TAU', 'CLMP', 'VWF', '1433G', 'CO7', 'PAL4A', 'CADH5', 'PGK1', 'PPT1'], ['PGK1', 'PHLB3', 'FCGBP', 'POTEJ', 'TAU', 'MMP2', '1433G', 'NPTX2', 'FCG3A', 'CHLE', 'FREM2', '1433Z', 'PAL4A', 'AK1C1'], ['1433G', 'CBLN2', 'SEPR', 'HYAL1', 'ANXA2', 'TAU', 'ABHEA', 'AK1C1', '1433B', 'PAL4A', 'FRIL', 'CO7', 'PPT1', 'PGK1'], ['TAU', 'CSF2R', 'MA1C1', 'SV2A', '1433Z', 'CO6A2', 'AK1C1', 'CO7', 'PPT1', '1433G', 'SCUB1', 'SLIK2', 'NPY', 'CATZ'], ['TAU', 'NEDD8', 'HYI', 'MMP2', 'LV214', '1433G', 'CAH10', 'AK1C1', 'PAL4A', 'ERAP2', 'PRG4', 'CNTP5', 'SUMO4', 'CADH5'], ['TAU', 'XYLT1', 'CO7', 'CO6A2', 'TRFM', '1433G', 'AK1C1', 'PAL4A', 'MA1C1', 'ACBP', 'HORN', 'IGF2', 'SMOC1', 'PPT1']]"
5,15,"[0.29583333333333334, 0.41666666666666663, 0.4125, 0.2833333333333333, 0.2875, 0.2791666666666667, 0.4625, 0.4625, 0.42083333333333334, 0.5166666666666667]",0.38375,0.08448064373965594,"(0.29973755785446443, 0.46776244214553553)",0.08401244214553555,"[['TAU', 'HYI', 'PZP', 'CO6A2', 'METRN', 'FSCN1', 'CO7', 'SUMO4', 'CEMIP', '1433G', 'HBAZ', 'PAL4A', 'MMP2', 'FREM2', 'AMY2B'], ['1433Z', 'C1QT4', 'POTEJ', 'CO6A2', 'AK1C1', 'KLK11', '1433G', 'TAU', 'GLT15', 'MMP2', 'CHIT1', 'CADH5', '1433B', 'SMS', 'HDHD2'], ['1433G', 'CO7', 'TWSG1', 'AK1C1', 'NPY', 'AMY2B', '1433Z', 'PAL4A', 'MA1C1', 'TAU', 'MMP2', 'GMFB', 'CATH', 'PGK1', 'SCUB1'], ['TAU', 'CLMP', 'MST1L', 'PGBM', 'HORN', 'FUCO', 'SEPR', '1433Z', 'CBLN4', 'GDIA', 'GALNS', 'PGK1', 'PPT1', 'C1QC', '1433G'], ['GDIA', 'C1QB', 'PPIB', 'PILRA', 'TMM25', 'TAU', 'CLMP', 'VWF', '1433G', 'CO7', 'PAL4A', 'CADH5', 'PGK1', 'PPT1', 'NPTX2'], ['PGK1', 'PHLB3', 'FCGBP', 'POTEJ', 'TAU', 'MMP2', '1433G', 'NPTX2', 'FCG3A', 'CHLE', 'FREM2', '1433Z', 'PAL4A', 'AK1C1', 'CO7'], ['1433G', 'CBLN2', 'SEPR', 'HYAL1', 'ANXA2', 'TAU', 'ABHEA', 'AK1C1', '1433B', 'PAL4A', 'FRIL', 'CO7', 'PPT1', 'PGK1', 'NLGN3'], ['TAU', 'CSF2R', 'MA1C1', 'SV2A', '1433Z', 'CO6A2', 'AK1C1', 'CO7', 'PPT1', '1433G', 'SCUB1', 'SLIK2', 'NPY', 'CATZ', 'PPIA'], ['TAU', 'NEDD8', 'HYI', 'MMP2', 'LV214', '1433G', 'CAH10', 'AK1C1', 'PAL4A', 'ERAP2', 'PRG4', 'CNTP5', 'SUMO4', 'CADH5', '1433Z'], ['TAU', 'XYLT1', 'CO7', 'CO6A2', 'TRFM', '1433G', 'AK1C1', 'PAL4A', 'MA1C1', 'ACBP', 'HORN', 'IGF2', 'SMOC1', 'PPT1', 'PCDGL']]"
6,16,"[0.4458333333333333, 0.33749999999999997, 0.45416666666666666, 0.29583333333333334, 0.22083333333333333, 0.31666666666666665, 0.4375, 0.4125, 0.2791666666666667, 0.4541666666666666]",0.36541666666666667,0.08122435492716043,"(0.284642466600725, 0.4461908667326083)",0.08077420006594166,"[['TAU', 'HYI', 'PZP', 'CO6A2', 'METRN', 'FSCN1', 'CO7', 'SUMO4', 'CEMIP', '1433G', 'HBAZ', 'PAL4A', 'MMP2', 'FREM2', 'AMY2B', 'VWF'], ['1433Z', 'C1QT4', 'POTEJ', 'CO6A2', 'AK1C1', 'KLK11', '1433G', 'TAU', 'GLT15', 'MMP2', 'CHIT1', 'CADH5', '1433B', 'SMS', 'HDHD2', 'HLAA'], ['1433G', 'CO7', 'TWSG1', 'AK1C1', 'NPY', 'AMY2B', '1433Z', 'PAL4A', 'MA1C1', 'TAU', 'MMP2', 'GMFB', 'CATH', 'PGK1', 'SCUB1', 'TRFM'], ['TAU', 'CLMP', 'MST1L', 'PGBM', 'HORN', 'FUCO', 'SEPR', '1433Z', 'CBLN4', 'GDIA', 'GALNS', 'PGK1', 'PPT1', 'C1QC', '1433G', 'AK1C1'], ['GDIA', 'C1QB', 'PPIB', 'PILRA', 'TMM25', 'TAU', 'CLMP', 'VWF', '1433G', 'CO7', 'PAL4A', 'CADH5', 'PGK1', 'PPT1', 'NPTX2', 'COMP'], ['PGK1', 'PHLB3', 'FCGBP', 'POTEJ', 'TAU', 'MMP2', '1433G', 'NPTX2', 'FCG3A', 'CHLE', 'FREM2', '1433Z', 'PAL4A', 'AK1C1', 'CO7', 'NDKB'], ['1433G', 'CBLN2', 'SEPR', 'HYAL1', 'ANXA2', 'TAU', 'ABHEA', 'AK1C1', '1433B', 'PAL4A', 'FRIL', 'CO7', 'PPT1', 'PGK1', 'NLGN3', 'CLMP'], ['TAU', 'CSF2R', 'MA1C1', 'SV2A', '1433Z', 'CO6A2', 'AK1C1', 'CO7', 'PPT1', '1433G', 'SCUB1', 'SLIK2', 'NPY', 'CATZ', 'PPIA', 'PGK1'], ['TAU', 'NEDD8', 'HYI', 'MMP2', 'LV214', '1433G', 'CAH10', 'AK1C1', 'PAL4A', 'ERAP2', 'PRG4', 'CNTP5', 'SUMO4', 'CADH5', '1433Z', 'SORL'], ['TAU', 'XYLT1', 'CO7', 'CO6A2', 'TRFM', '1433G', 'AK1C1', 'PAL4A', 'MA1C1', 'ACBP', 'HORN', 'IGF2', 'SMOC1', 'PPT1', 'PCDGL', 'PGK1']]"
7,17,"[0.49583333333333335, 0.375, 0.4583333333333333, 0.3125, 0.275, 0.31666666666666665, 0.4125, 0.4416666666666666, 0.3041666666666667, 0.3916666666666666]",0.3783333333333333,0.0706320670013903,"(0.30809271749640127, 0.4485739491702654)",0.07024061583693206,"[['TAU', 'HYI', 'PZP', 'CO6A2', 'METRN', 'FSCN1', 'CO7', 'SUMO4', 'CEMIP', '1433G', 'HBAZ', 'PAL4A', 'MMP2', 'FREM2', 'AMY2B', 'VWF', 'CHST3'], ['1433Z', 'C1QT4', 'POTEJ', 'CO6A2', 'AK1C1', 'KLK11', '1433G', 'TAU', 'GLT15', 'MMP2', 'CHIT1', 'CADH5', '1433B', 'SMS', 'HDHD2', 'HLAA', 'SORL'], ['1433G', 'CO7', 'TWSG1', 'AK1C1', 'NPY', 'AMY2B', '1433Z', 'PAL4A', 'MA1C1', 'TAU', 'MMP2', 'GMFB', 'CATH', 'PGK1', 'SCUB1', 'TRFM', '1433B'], ['TAU', 'CLMP', 'MST1L', 'PGBM', 'HORN', 'FUCO', 'SEPR', '1433Z', 'CBLN4', 'GDIA', 'GALNS', 'PGK1', 'PPT1', 'C1QC', '1433G', 'AK1C1', 'PAL4A'], ['GDIA', 'C1QB', 'PPIB', 'PILRA', 'TMM25', 'TAU', 'CLMP', 'VWF', '1433G', 'CO7', 'PAL4A', 'CADH5', 'PGK1', 'PPT1', 'NPTX2', 'COMP', 'SUMO4'], ['PGK1', 'PHLB3', 'FCGBP', 'POTEJ', 'TAU', 'MMP2', '1433G', 'NPTX2', 'FCG3A', 'CHLE', 'FREM2', '1433Z', 'PAL4A', 'AK1C1', 'CO7', 'NDKB', 'PPT1'], ['1433G', 'CBLN2', 'SEPR', 'HYAL1', 'ANXA2', 'TAU', 'ABHEA', 'AK1C1', '1433B', 'PAL4A', 'FRIL', 'CO7', 'PPT1', 'PGK1', 'NLGN3', 'CLMP', '1433Z'], ['TAU', 'CSF2R', 'MA1C1', 'SV2A', '1433Z', 'CO6A2', 'AK1C1', 'CO7', 'PPT1', '1433G', 'SCUB1', 'SLIK2', 'NPY', 'CATZ', 'PPIA', 'PGK1', 'MMP2'], ['TAU', 'NEDD8', 'HYI', 'MMP2', 'LV214', '1433G', 'CAH10', 'AK1C1', 'PAL4A', 'ERAP2', 'PRG4', 'CNTP5', 'SUMO4', 'CADH5', '1433Z', 'SORL', 'FREM2'], ['TAU', 'XYLT1', 'CO7', 'CO6A2', 'TRFM', '1433G', 'AK1C1', 'PAL4A', 'MA1C1', 'ACBP', 'HORN', 'IGF2', 'SMOC1', 'PPT1', 'PCDGL', 'PGK1', 'ATS8']]"
8,18,"[0.5083333333333333, 0.2375, 0.45416666666666666, 0.3125, 0.325, 0.3333333333333333, 0.4375, 0.45416666666666666, 0.32083333333333336, 0.4916666666666666]",0.3875,0.08732124598286489,"(0.30066269856064204, 0.47433730143935804)",0.086837301439358,"[['TAU', 'HYI', 'PZP', 'CO6A2', 'METRN', 'FSCN1', 'CO7', 'SUMO4', 'CEMIP', '1433G', 'HBAZ', 'PAL4A', 'MMP2', 'FREM2', 'AMY2B', 'VWF', 'CHST3', 'CHIT1'], ['1433Z', 'C1QT4', 'POTEJ', 'CO6A2', 'AK1C1', 'KLK11', '1433G', 'TAU', 'GLT15', 'MMP2', 'CHIT1', 'CADH5', '1433B', 'SMS', 'HDHD2', 'HLAA', 'SORL', '1433T'], ['1433G', 'CO7', 'TWSG1', 'AK1C1', 'NPY', 'AMY2B', '1433Z', 'PAL4A', 'MA1C1', 'TAU', 'MMP2', 'GMFB', 'CATH', 'PGK1', 'SCUB1', 'TRFM', '1433B', 'HAVR2'], ['TAU', 'CLMP', 'MST1L', 'PGBM', 'HORN', 'FUCO', 'SEPR', '1433Z', 'CBLN4', 'GDIA', 'GALNS', 'PGK1', 'PPT1', 'C1QC', '1433G', 'AK1C1', 'PAL4A', 'METRN'], ['GDIA', 'C1QB', 'PPIB', 'PILRA', 'TMM25', 'TAU', 'CLMP', 'VWF', '1433G', 'CO7', 'PAL4A', 'CADH5', 'PGK1', 'PPT1', 'NPTX2', 'COMP', 'SUMO4', 'CEMIP'], ['PGK1', 'PHLB3', 'FCGBP', 'POTEJ', 'TAU', 'MMP2', '1433G', 'NPTX2', 'FCG3A', 'CHLE', 'FREM2', '1433Z', 'PAL4A', 'AK1C1', 'CO7', 'NDKB', 'PPT1', 'GELS'], ['1433G', 'CBLN2', 'SEPR', 'HYAL1', 'ANXA2', 'TAU', 'ABHEA', 'AK1C1', '1433B', 'PAL4A', 'FRIL', 'CO7', 'PPT1', 'PGK1', 'NLGN3', 'CLMP', '1433Z', 'CADH5'], ['TAU', 'CSF2R', 'MA1C1', 'SV2A', '1433Z', 'CO6A2', 'AK1C1', 'CO7', 'PPT1', '1433G', 'SCUB1', 'SLIK2', 'NPY', 'CATZ', 'PPIA', 'PGK1', 'MMP2', 'AGRB1'], ['TAU', 'NEDD8', 'HYI', 'MMP2', 'LV214', '1433G', 'CAH10', 'AK1C1', 'PAL4A', 'ERAP2', 'PRG4', 'CNTP5', 'SUMO4', 'CADH5', '1433Z', 'SORL', 'FREM2', 'CHIT1'], ['TAU', 'XYLT1', 'CO7', 'CO6A2', 'TRFM', '1433G', 'AK1C1', 'PAL4A', 'MA1C1', 'ACBP', 'HORN', 'IGF2', 'SMOC1', 'PPT1', 'PCDGL', 'PGK1', 'ATS8', 'MMP2']]"
9,19,"[0.44583333333333336, 0.38749999999999996, 0.5333333333333333, 0.3125, 0.33749999999999997, 0.31666666666666665, 0.4625, 0.3625, 0.32916666666666666, 0.275]",0.37625,0.07671760083434426,"(0.2999575770693472, 0.4525424229306528)",0.07629242293065278,"[['TAU', 'HYI', 'PZP', 'CO6A2', 'METRN', 'FSCN1', 'CO7', 'SUMO4', 'CEMIP', '1433G', 'HBAZ', 'PAL4A', 'MMP2', 'FREM2', 'AMY2B', 'VWF', 'CHST3', 'CHIT1', '1433Z'], ['1433Z', 'C1QT4', 'POTEJ', 'CO6A2', 'AK1C1', 'KLK11', '1433G', 'TAU', 'GLT15', 'MMP2', 'CHIT1', 'CADH5', '1433B', 'SMS', 'HDHD2', 'HLAA', 'SORL', '1433T', 'GDIB'], ['1433G', 'CO7', 'TWSG1', 'AK1C1', 'NPY', 'AMY2B', '1433Z', 'PAL4A', 'MA1C1', 'TAU', 'MMP2', 'GMFB', 'CATH', 'PGK1', 'SCUB1', 'TRFM', '1433B', 'HAVR2', 'SERC'], ['TAU', 'CLMP', 'MST1L', 'PGBM', 'HORN', 'FUCO', 'SEPR', '1433Z', 'CBLN4', 'GDIA', 'GALNS', 'PGK1', 'PPT1', 'C1QC', '1433G', 'AK1C1', 'PAL4A', 'METRN', 'GUAD'], ['GDIA', 'C1QB', 'PPIB', 'PILRA', 'TMM25', 'TAU', 'CLMP', 'VWF', '1433G', 'CO7', 'PAL4A', 'CADH5', 'PGK1', 'PPT1', 'NPTX2', 'COMP', 'SUMO4', 'CEMIP', 'GDIB'], ['PGK1', 'PHLB3', 'FCGBP', 'POTEJ', 'TAU', 'MMP2', '1433G', 'NPTX2', 'FCG3A', 'CHLE', 'FREM2', '1433Z', 'PAL4A', 'AK1C1', 'CO7', 'NDKB', 'PPT1', 'GELS', 'PGK2'], ['1433G', 'CBLN2', 'SEPR', 'HYAL1', 'ANXA2', 'TAU', 'ABHEA', 'AK1C1', '1433B', 'PAL4A', 'FRIL', 'CO7', 'PPT1', 'PGK1', 'NLGN3', 'CLMP', '1433Z', 'CADH5', 'TIMP2'], ['TAU', 'CSF2R', 'MA1C1', 'SV2A', '1433Z', 'CO6A2', 'AK1C1', 'CO7', 'PPT1', '1433G', 'SCUB1', 'SLIK2', 'NPY', 'CATZ', 'PPIA', 'PGK1', 'MMP2', 'AGRB1', '1433B'], ['TAU', 'NEDD8', 'HYI', 'MMP2', 'LV214', '1433G', 'CAH10', 'AK1C1', 'PAL4A', 'ERAP2', 'PRG4', 'CNTP5', 'SUMO4', 'CADH5', '1433Z', 'SORL', 'FREM2', 'CHIT1', 'IGF2'], ['TAU', 'XYLT1', 'CO7', 'CO6A2', 'TRFM', '1433G', 'AK1C1', 'PAL4A', 'MA1C1', 'ACBP', 'HORN', 'IGF2', 'SMOC1', 'PPT1', 'PCDGL', 'PGK1', 'ATS8', 'MMP2', 'GMFB']]"
10,20,"[0.44583333333333336, 0.275, 0.4666666666666666, 0.2625, 0.3458333333333333, 0.2791666666666667, 0.3666666666666667, 0.3708333333333333, 0.3, 0.3916666666666666]",0.35041666666666665,0.0678655226655381,"(0.2829272626537721, 0.4179060706795612)",0.06748940401289455,"[['TAU', 'HYI', 'PZP', 'CO6A2', 'METRN', 'FSCN1', 'CO7', 'SUMO4', 'CEMIP', '1433G', 'HBAZ', 'PAL4A', 'MMP2', 'FREM2', 'AMY2B', 'VWF', 'CHST3', 'CHIT1', '1433Z', 'PRG4'], ['1433Z', 'C1QT4', 'POTEJ', 'CO6A2', 'AK1C1', 'KLK11', '1433G', 'TAU', 'GLT15', 'MMP2', 'CHIT1', 'CADH5', '1433B', 'SMS', 'HDHD2', 'HLAA', 'SORL', '1433T', 'GDIB', 'CAD18'], ['1433G', 'CO7', 'TWSG1', 'AK1C1', 'NPY', 'AMY2B', '1433Z', 'PAL4A', 'MA1C1', 'TAU', 'MMP2', 'GMFB', 'CATH', 'PGK1', 'SCUB1', 'TRFM', '1433B', 'HAVR2', 'SERC', 'CADH5'], ['TAU', 'CLMP', 'MST1L', 'PGBM', 'HORN', 'FUCO', 'SEPR', '1433Z', 'CBLN4', 'GDIA', 'GALNS', 'PGK1', 'PPT1', 'C1QC', '1433G', 'AK1C1', 'PAL4A', 'METRN', 'GUAD', 'CHIT1'], ['GDIA', 'C1QB', 'PPIB', 'PILRA', 'TMM25', 'TAU', 'CLMP', 'VWF', '1433G', 'CO7', 'PAL4A', 'CADH5', 'PGK1', 'PPT1', 'NPTX2', 'COMP', 'SUMO4', 'CEMIP', 'GDIB', 'CH3L1'], ['PGK1', 'PHLB3', 'FCGBP', 'POTEJ', 'TAU', 'MMP2', '1433G', 'NPTX2', 'FCG3A', 'CHLE', 'FREM2', '1433Z', 'PAL4A', 'AK1C1', 'CO7', 'NDKB', 'PPT1', 'GELS', 'PGK2', 'HLAA'], ['1433G', 'CBLN2', 'SEPR', 'HYAL1', 'ANXA2', 'TAU', 'ABHEA', 'AK1C1', '1433B', 'PAL4A', 'FRIL', 'CO7', 'PPT1', 'PGK1', 'NLGN3', 'CLMP', '1433Z', 'CADH5', 'TIMP2', '1433T'], ['TAU', 'CSF2R', 'MA1C1', 'SV2A', '1433Z', 'CO6A2', 'AK1C1', 'CO7', 'PPT1', '1433G', 'SCUB1', 'SLIK2', 'NPY', 'CATZ', 'PPIA', 'PGK1', 'MMP2', 'AGRB1', '1433B', 'CHLE'], ['TAU', 'NEDD8', 'HYI', 'MMP2', 'LV214', '1433G', 'CAH10', 'AK1C1', 'PAL4A', 'ERAP2', 'PRG4', 'CNTP5', 'SUMO4', 'CADH5', '1433Z', 'SORL', 'FREM2', 'CHIT1', 'IGF2', 'CBLN2'], ['TAU', 'XYLT1', 'CO7', 'CO6A2', 'TRFM', '1433G', 'AK1C1', 'PAL4A', 'MA1C1', 'ACBP', 'HORN', 'IGF2', 'SMOC1', 'PPT1', 'PCDGL', 'PGK1', 'ATS8', 'MMP2', 'GMFB', '1433Z']]"
11,21,"[0.4333333333333333, 0.2875, 0.42916666666666664, 0.3125, 0.2708333333333333, 0.32083333333333336, 0.35, 0.36250000000000004, 0.3916666666666666, 0.2625]",0.34208333333333335,0.05879135660206448,"(0.2836178052958146, 0.40054886137085216)",0.05846552803751878,"[['TAU', 'HYI', 'PZP', 'CO6A2', 'METRN', 'FSCN1', 'CO7', 'SUMO4', 'CEMIP', '1433G', 'HBAZ', 'PAL4A', 'MMP2', 'FREM2', 'AMY2B', 'VWF', 'CHST3', 'CHIT1', '1433Z', 'PRG4', 'CLMP'], ['1433Z', 'C1QT4', 'POTEJ', 'CO6A2', 'AK1C1', 'KLK11', '1433G', 'TAU', 'GLT15', 'MMP2', 'CHIT1', 'CADH5', '1433B', 'SMS', 'HDHD2', 'HLAA', 'SORL', '1433T', 'GDIB', 'CAD18', 'PAL4A'], ['1433G', 'CO7', 'TWSG1', 'AK1C1', 'NPY', 'AMY2B', '1433Z', 'PAL4A', 'MA1C1', 'TAU', 'MMP2', 'GMFB', 'CATH', 'PGK1', 'SCUB1', 'TRFM', '1433B', 'HAVR2', 'SERC', 'CADH5', 'KCC2B'], ['TAU', 'CLMP', 'MST1L', 'PGBM', 'HORN', 'FUCO', 'SEPR', '1433Z', 'CBLN4', 'GDIA', 'GALNS', 'PGK1', 'PPT1', 'C1QC', '1433G', 'AK1C1', 'PAL4A', 'METRN', 'GUAD', 'CHIT1', 'CEMIP'], ['GDIA', 'C1QB', 'PPIB', 'PILRA', 'TMM25', 'TAU', 'CLMP', 'VWF', '1433G', 'CO7', 'PAL4A', 'CADH5', 'PGK1', 'PPT1', 'NPTX2', 'COMP', 'SUMO4', 'CEMIP', 'GDIB', 'CH3L1', 'CBLN2'], ['PGK1', 'PHLB3', 'FCGBP', 'POTEJ', 'TAU', 'MMP2', '1433G', 'NPTX2', 'FCG3A', 'CHLE', 'FREM2', '1433Z', 'PAL4A', 'AK1C1', 'CO7', 'NDKB', 'PPT1', 'GELS', 'PGK2', 'HLAA', 'HV103'], ['1433G', 'CBLN2', 'SEPR', 'HYAL1', 'ANXA2', 'TAU', 'ABHEA', 'AK1C1', '1433B', 'PAL4A', 'FRIL', 'CO7', 'PPT1', 'PGK1', 'NLGN3', 'CLMP', '1433Z', 'CADH5', 'TIMP2', '1433T', 'AMY2B'], ['TAU', 'CSF2R', 'MA1C1', 'SV2A', '1433Z', 'CO6A2', 'AK1C1', 'CO7', 'PPT1', '1433G', 'SCUB1', 'SLIK2', 'NPY', 'CATZ', 'PPIA', 'PGK1', 'MMP2', 'AGRB1', '1433B', 'CHLE', 'ANXA2'], ['TAU', 'NEDD8', 'HYI', 'MMP2', 'LV214', '1433G', 'CAH10', 'AK1C1', 'PAL4A', 'ERAP2', 'PRG4', 'CNTP5', 'SUMO4', 'CADH5', '1433Z', 'SORL', 'FREM2', 'CHIT1', 'IGF2', 'CBLN2', 'HDHD2'], ['TAU', 'XYLT1', 'CO7', 'CO6A2', 'TRFM', '1433G', 'AK1C1', 'PAL4A', 'MA1C1', 'ACBP', 'HORN', 'IGF2', 'SMOC1', 'PPT1', 'PCDGL', 'PGK1', 'ATS8', 'MMP2', 'GMFB', '1433Z', 'AMY2B']]"
12,22,"[0.44583333333333336, 0.38749999999999996, 0.45416666666666666, 0.3125, 0.39166666666666666, 0.3541666666666667, 0.39583333333333337, 0.31666666666666665, 0.36666666666666664, 0.325]",0.37500000000000006,0.04739755033519959,"(0.32786513242432974, 0.42213486757567037)",0.047134867575670314,"[['TAU', 'HYI', 'PZP', 'CO6A2', 'METRN', 'FSCN1', 'CO7', 'SUMO4', 'CEMIP', '1433G', 'HBAZ', 'PAL4A', 'MMP2', 'FREM2', 'AMY2B', 'VWF', 'CHST3', 'CHIT1', '1433Z', 'PRG4', 'CLMP', 'LAMB1'], ['1433Z', 'C1QT4', 'POTEJ', 'CO6A2', 'AK1C1', 'KLK11', '1433G', 'TAU', 'GLT15', 'MMP2', 'CHIT1', 'CADH5', '1433B', 'SMS', 'HDHD2', 'HLAA', 'SORL', '1433T', 'GDIB', 'CAD18', 'PAL4A', 'CAH10'], ['1433G', 'CO7', 'TWSG1', 'AK1C1', 'NPY', 'AMY2B', '1433Z', 'PAL4A', 'MA1C1', 'TAU', 'MMP2', 'GMFB', 'CATH', 'PGK1', 'SCUB1', 'TRFM', '1433B', 'HAVR2', 'SERC', 'CADH5', 'KCC2B', 'ADA15'], ['TAU', 'CLMP', 'MST1L', 'PGBM', 'HORN', 'FUCO', 'SEPR', '1433Z', 'CBLN4', 'GDIA', 'GALNS', 'PGK1', 'PPT1', 'C1QC', '1433G', 'AK1C1', 'PAL4A', 'METRN', 'GUAD', 'CHIT1', 'CEMIP', 'ENOA'], ['GDIA', 'C1QB', 'PPIB', 'PILRA', 'TMM25', 'TAU', 'CLMP', 'VWF', '1433G', 'CO7', 'PAL4A', 'CADH5', 'PGK1', 'PPT1', 'NPTX2', 'COMP', 'SUMO4', 'CEMIP', 'GDIB', 'CH3L1', 'CBLN2', 'GUAD'], ['PGK1', 'PHLB3', 'FCGBP', 'POTEJ', 'TAU', 'MMP2', '1433G', 'NPTX2', 'FCG3A', 'CHLE', 'FREM2', '1433Z', 'PAL4A', 'AK1C1', 'CO7', 'NDKB', 'PPT1', 'GELS', 'PGK2', 'HLAA', 'HV103', 'DPP6'], ['1433G', 'CBLN2', 'SEPR', 'HYAL1', 'ANXA2', 'TAU', 'ABHEA', 'AK1C1', '1433B', 'PAL4A', 'FRIL', 'CO7', 'PPT1', 'PGK1', 'NLGN3', 'CLMP', '1433Z', 'CADH5', 'TIMP2', '1433T', 'AMY2B', 'TSP4'], ['TAU', 'CSF2R', 'MA1C1', 'SV2A', '1433Z', 'CO6A2', 'AK1C1', 'CO7', 'PPT1', '1433G', 'SCUB1', 'SLIK2', 'NPY', 'CATZ', 'PPIA', 'PGK1', 'MMP2', 'AGRB1', '1433B', 'CHLE', 'ANXA2', 'PAL4A'], ['TAU', 'NEDD8', 'HYI', 'MMP2', 'LV214', '1433G', 'CAH10', 'AK1C1', 'PAL4A', 'ERAP2', 'PRG4', 'CNTP5', 'SUMO4', 'CADH5', '1433Z', 'SORL', 'FREM2', 'CHIT1', 'IGF2', 'CBLN2', 'HDHD2', 'CHLE'], ['TAU', 'XYLT1', 'CO7', 'CO6A2', 'TRFM', '1433G', 'AK1C1', 'PAL4A', 'MA1C1', 'ACBP', 'HORN', 'IGF2', 'SMOC1', 'PPT1', 'PCDGL', 'PGK1', 'ATS8', 'MMP2', 'GMFB', '1433Z', 'AMY2B', 'A2MG']]"
13,23,"[0.42083333333333334, 0.2791666666666667, 0.41666666666666663, 0.35, 0.3333333333333333, 0.2791666666666667, 0.35, 0.36666666666666664, 0.4166666666666667, 0.24583333333333335]",0.3458333333333333,0.059307344495526944,"(0.28685467706752, 0.40481198959914666)",0.058978656265813334,"[['TAU', 'HYI', 'PZP', 'CO6A2', 'METRN', 'FSCN1', 'CO7', 'SUMO4', 'CEMIP', '1433G', 'HBAZ', 'PAL4A', 'MMP2', 'FREM2', 'AMY2B', 'VWF', 'CHST3', 'CHIT1', '1433Z', 'PRG4', 'CLMP', 'LAMB1', 'GUAD'], ['1433Z', 'C1QT4', 'POTEJ', 'CO6A2', 'AK1C1', 'KLK11', '1433G', 'TAU', 'GLT15', 'MMP2', 'CHIT1', 'CADH5', '1433B', 'SMS', 'HDHD2', 'HLAA', 'SORL', '1433T', 'GDIB', 'CAD18', 'PAL4A', 'CAH10', 'PPT1'], ['1433G', 'CO7', 'TWSG1', 'AK1C1', 'NPY', 'AMY2B', '1433Z', 'PAL4A', 'MA1C1', 'TAU', 'MMP2', 'GMFB', 'CATH', 'PGK1', 'SCUB1', 'TRFM', '1433B', 'HAVR2', 'SERC', 'CADH5', 'KCC2B', 'ADA15', 'C1QC'], ['TAU', 'CLMP', 'MST1L', 'PGBM', 'HORN', 'FUCO', 'SEPR', '1433Z', 'CBLN4', 'GDIA', 'GALNS', 'PGK1', 'PPT1', 'C1QC', '1433G', 'AK1C1', 'PAL4A', 'METRN', 'GUAD', 'CHIT1', 'CEMIP', 'ENOA', 'CAH1'], ['GDIA', 'C1QB', 'PPIB', 'PILRA', 'TMM25', 'TAU', 'CLMP', 'VWF', '1433G', 'CO7', 'PAL4A', 'CADH5', 'PGK1', 'PPT1', 'NPTX2', 'COMP', 'SUMO4', 'CEMIP', 'GDIB', 'CH3L1', 'CBLN2', 'GUAD', 'CHLE'], ['PGK1', 'PHLB3', 'FCGBP', 'POTEJ', 'TAU', 'MMP2', '1433G', 'NPTX2', 'FCG3A', 'CHLE', 'FREM2', '1433Z', 'PAL4A', 'AK1C1', 'CO7', 'NDKB', 'PPT1', 'GELS', 'PGK2', 'HLAA', 'HV103', 'DPP6', 'SNED1'], ['1433G', 'CBLN2', 'SEPR', 'HYAL1', 'ANXA2', 'TAU', 'ABHEA', 'AK1C1', '1433B', 'PAL4A', 'FRIL', 'CO7', 'PPT1', 'PGK1', 'NLGN3', 'CLMP', '1433Z', 'CADH5', 'TIMP2', '1433T', 'AMY2B', 'TSP4', 'GDIA'], ['TAU', 'CSF2R', 'MA1C1', 'SV2A', '1433Z', 'CO6A2', 'AK1C1', 'CO7', 'PPT1', '1433G', 'SCUB1', 'SLIK2', 'NPY', 'CATZ', 'PPIA', 'PGK1', 'MMP2', 'AGRB1', '1433B', 'CHLE', 'ANXA2', 'PAL4A', 'IGF2'], ['TAU', 'NEDD8', 'HYI', 'MMP2', 'LV214', '1433G', 'CAH10', 'AK1C1', 'PAL4A', 'ERAP2', 'PRG4', 'CNTP5', 'SUMO4', 'CADH5', '1433Z', 'SORL', 'FREM2', 'CHIT1', 'IGF2', 'CBLN2', 'HDHD2', 'CHLE', 'PCDGL'], ['TAU', 'XYLT1', 'CO7', 'CO6A2', 'TRFM', '1433G', 'AK1C1', 'PAL4A', 'MA1C1', 'ACBP', 'HORN', 'IGF2', 'SMOC1', 'PPT1', 'PCDGL', 'PGK1', 'ATS8', 'MMP2', 'GMFB', '1433Z', 'AMY2B', 'A2MG', 'ANAG']]"
14,24,"[0.4333333333333333, 0.3416666666666666, 0.3875, 0.3625, 0.35, 0.26666666666666666, 0.3458333333333333, 0.4583333333333333, 0.33749999999999997, 0.27499999999999997]",0.35583333333333333,0.057197270719657405,"(0.2989530565680876, 0.41271361009857904)",0.05688027676524571,"[['TAU', 'HYI', 'PZP', 'CO6A2', 'METRN', 'FSCN1', 'CO7', 'SUMO4', 'CEMIP', '1433G', 'HBAZ', 'PAL4A', 'MMP2', 'FREM2', 'AMY2B', 'VWF', 'CHST3', 'CHIT1', '1433Z', 'PRG4', 'CLMP', 'LAMB1', 'GUAD', 'ERAP2'], ['1433Z', 'C1QT4', 'POTEJ', 'CO6A2', 'AK1C1', 'KLK11', '1433G', 'TAU', 'GLT15', 'MMP2', 'CHIT1', 'CADH5', '1433B', 'SMS', 'HDHD2', 'HLAA', 'SORL', '1433T', 'GDIB', 'CAD18', 'PAL4A', 'CAH10', 'PPT1', 'GDIA'], ['1433G', 'CO7', 'TWSG1', 'AK1C1', 'NPY', 'AMY2B', '1433Z', 'PAL4A', 'MA1C1', 'TAU', 'MMP2', 'GMFB', 'CATH', 'PGK1', 'SCUB1', 'TRFM', '1433B', 'HAVR2', 'SERC', 'CADH5', 'KCC2B', 'ADA15', 'C1QC', 'GDIA'], ['TAU', 'CLMP', 'MST1L', 'PGBM', 'HORN', 'FUCO', 'SEPR', '1433Z', 'CBLN4', 'GDIA', 'GALNS', 'PGK1', 'PPT1', 'C1QC', '1433G', 'AK1C1', 'PAL4A', 'METRN', 'GUAD', 'CHIT1', 'CEMIP', 'ENOA', 'CAH1', 'CHLE'], ['GDIA', 'C1QB', 'PPIB', 'PILRA', 'TMM25', 'TAU', 'CLMP', 'VWF', '1433G', 'CO7', 'PAL4A', 'CADH5', 'PGK1', 'PPT1', 'NPTX2', 'COMP', 'SUMO4', 'CEMIP', 'GDIB', 'CH3L1', 'CBLN2', 'GUAD', 'CHLE', '1433B'], ['PGK1', 'PHLB3', 'FCGBP', 'POTEJ', 'TAU', 'MMP2', '1433G', 'NPTX2', 'FCG3A', 'CHLE', 'FREM2', '1433Z', 'PAL4A', 'AK1C1', 'CO7', 'NDKB', 'PPT1', 'GELS', 'PGK2', 'HLAA', 'HV103', 'DPP6', 'SNED1', '1433B'], ['1433G', 'CBLN2', 'SEPR', 'HYAL1', 'ANXA2', 'TAU', 'ABHEA', 'AK1C1', '1433B', 'PAL4A', 'FRIL', 'CO7', 'PPT1', 'PGK1', 'NLGN3', 'CLMP', '1433Z', 'CADH5', 'TIMP2', '1433T', 'AMY2B', 'TSP4', 'GDIA', 'MIME'], ['TAU', 'CSF2R', 'MA1C1', 'SV2A', '1433Z', 'CO6A2', 'AK1C1', 'CO7', 'PPT1', '1433G', 'SCUB1', 'SLIK2', 'NPY', 'CATZ', 'PPIA', 'PGK1', 'MMP2', 'AGRB1', '1433B', 'CHLE', 'ANXA2', 'PAL4A', 'IGF2', 'CADH5'], ['TAU', 'NEDD8', 'HYI', 'MMP2', 'LV214', '1433G', 'CAH10', 'AK1C1', 'PAL4A', 'ERAP2', 'PRG4', 'CNTP5', 'SUMO4', 'CADH5', '1433Z', 'SORL', 'FREM2', 'CHIT1', 'IGF2', 'CBLN2', 'HDHD2', 'CHLE', 'PCDGL', 'PPT1'], ['TAU', 'XYLT1', 'CO7', 'CO6A2', 'TRFM', '1433G', 'AK1C1', 'PAL4A', 'MA1C1', 'ACBP', 'HORN', 'IGF2', 'SMOC1', 'PPT1', 'PCDGL', 'PGK1', 'ATS8', 'MMP2', 'GMFB', '1433Z', 'AMY2B', 'A2MG', 'ANAG', 'ADA28']]"
15,25,"[0.44583333333333336, 0.31666666666666665, 0.4041666666666667, 0.42500000000000004, 0.4666666666666666, 0.30833333333333335, 0.3625, 0.4083333333333333, 0.25416666666666665, 0.24583333333333335]",0.36375,0.07476932117445556,"(0.28939505913582075, 0.4381049408641793)",0.07435494086417926,"[['TAU', 'HYI', 'PZP', 'CO6A2', 'METRN', 'FSCN1', 'CO7', 'SUMO4', 'CEMIP', '1433G', 'HBAZ', 'PAL4A', 'MMP2', 'FREM2', 'AMY2B', 'VWF', 'CHST3', 'CHIT1', '1433Z', 'PRG4', 'CLMP', 'LAMB1', 'GUAD', 'ERAP2', 'SFRP3'], ['1433Z', 'C1QT4', 'POTEJ', 'CO6A2', 'AK1C1', 'KLK11', '1433G', 'TAU', 'GLT15', 'MMP2', 'CHIT1', 'CADH5', '1433B', 'SMS', 'HDHD2', 'HLAA', 'SORL', '1433T', 'GDIB', 'CAD18', 'PAL4A', 'CAH10', 'PPT1', 'GDIA', 'FINC'], ['1433G', 'CO7', 'TWSG1', 'AK1C1', 'NPY', 'AMY2B', '1433Z', 'PAL4A', 'MA1C1', 'TAU', 'MMP2', 'GMFB', 'CATH', 'PGK1', 'SCUB1', 'TRFM', '1433B', 'HAVR2', 'SERC', 'CADH5', 'KCC2B', 'ADA15', 'C1QC', 'GDIA', 'VWF'], ['TAU', 'CLMP', 'MST1L', 'PGBM', 'HORN', 'FUCO', 'SEPR', '1433Z', 'CBLN4', 'GDIA', 'GALNS', 'PGK1', 'PPT1', 'C1QC', '1433G', 'AK1C1', 'PAL4A', 'METRN', 'GUAD', 'CHIT1', 'CEMIP', 'ENOA', 'CAH1', 'CHLE', 'NUCB1'], ['GDIA', 'C1QB', 'PPIB', 'PILRA', 'TMM25', 'TAU', 'CLMP', 'VWF', '1433G', 'CO7', 'PAL4A', 'CADH5', 'PGK1', 'PPT1', 'NPTX2', 'COMP', 'SUMO4', 'CEMIP', 'GDIB', 'CH3L1', 'CBLN2', 'GUAD', 'CHLE', '1433B', 'HLAA'], ['PGK1', 'PHLB3', 'FCGBP', 'POTEJ', 'TAU', 'MMP2', '1433G', 'NPTX2', 'FCG3A', 'CHLE', 'FREM2', '1433Z', 'PAL4A', 'AK1C1', 'CO7', 'NDKB', 'PPT1', 'GELS', 'PGK2', 'HLAA', 'HV103', 'DPP6', 'SNED1', '1433B', 'AMY2B'], ['1433G', 'CBLN2', 'SEPR', 'HYAL1', 'ANXA2', 'TAU', 'ABHEA', 'AK1C1', '1433B', 'PAL4A', 'FRIL', 'CO7', 'PPT1', 'PGK1', 'NLGN3', 'CLMP', '1433Z', 'CADH5', 'TIMP2', '1433T', 'AMY2B', 'TSP4', 'GDIA', 'MIME', 'VASN'], ['TAU', 'CSF2R', 'MA1C1', 'SV2A', '1433Z', 'CO6A2', 'AK1C1', 'CO7', 'PPT1', '1433G', 'SCUB1', 'SLIK2', 'NPY', 'CATZ', 'PPIA', 'PGK1', 'MMP2', 'AGRB1', '1433B', 'CHLE', 'ANXA2', 'PAL4A', 'IGF2', 'CADH5', '1433T'], ['TAU', 'NEDD8', 'HYI', 'MMP2', 'LV214', '1433G', 'CAH10', 'AK1C1', 'PAL4A', 'ERAP2', 'PRG4', 'CNTP5', 'SUMO4', 'CADH5', '1433Z', 'SORL', 'FREM2', 'CHIT1', 'IGF2', 'CBLN2', 'HDHD2', 'CHLE', 'PCDGL', 'PPT1', 'GDIA'], ['TAU', 'XYLT1', 'CO7', 'CO6A2', 'TRFM', '1433G', 'AK1C1', 'PAL4A', 'MA1C1', 'ACBP', 'HORN', 'IGF2', 'SMOC1', 'PPT1', 'PCDGL', 'PGK1', 'ATS8', 'MMP2', 'GMFB', '1433Z', 'AMY2B', 'A2MG', 'ANAG', 'ADA28', 'CADH5']]"
16,26,"[0.44583333333333336, 0.32916666666666666, 0.4708333333333333, 0.29583333333333334, 0.38749999999999996, 0.3541666666666667, 0.4041666666666667, 0.2708333333333333, 0.3625, 0.20833333333333331]",0.35291666666666666,0.07610414100282441,"(0.2772343037015013, 0.42859902963183205)",0.07568236296516537,"[['TAU', 'HYI', 'PZP', 'CO6A2', 'METRN', 'FSCN1', 'CO7', 'SUMO4', 'CEMIP', '1433G', 'HBAZ', 'PAL4A', 'MMP2', 'FREM2', 'AMY2B', 'VWF', 'CHST3', 'CHIT1', '1433Z', 'PRG4', 'CLMP', 'LAMB1', 'GUAD', 'ERAP2', 'SFRP3', 'PGK1'], ['1433Z', 'C1QT4', 'POTEJ', 'CO6A2', 'AK1C1', 'KLK11', '1433G', 'TAU', 'GLT15', 'MMP2', 'CHIT1', 'CADH5', '1433B', 'SMS', 'HDHD2', 'HLAA', 'SORL', '1433T', 'GDIB', 'CAD18', 'PAL4A', 'CAH10', 'PPT1', 'GDIA', 'FINC', 'ABHEA'], ['1433G', 'CO7', 'TWSG1', 'AK1C1', 'NPY', 'AMY2B', '1433Z', 'PAL4A', 'MA1C1', 'TAU', 'MMP2', 'GMFB', 'CATH', 'PGK1', 'SCUB1', 'TRFM', '1433B', 'HAVR2', 'SERC', 'CADH5', 'KCC2B', 'ADA15', 'C1QC', 'GDIA', 'VWF', '1433T'], ['TAU', 'CLMP', 'MST1L', 'PGBM', 'HORN', 'FUCO', 'SEPR', '1433Z', 'CBLN4', 'GDIA', 'GALNS', 'PGK1', 'PPT1', 'C1QC', '1433G', 'AK1C1', 'PAL4A', 'METRN', 'GUAD', 'CHIT1', 'CEMIP', 'ENOA', 'CAH1', 'CHLE', 'NUCB1', 'IMPA1'], ['GDIA', 'C1QB', 'PPIB', 'PILRA', 'TMM25', 'TAU', 'CLMP', 'VWF', '1433G', 'CO7', 'PAL4A', 'CADH5', 'PGK1', 'PPT1', 'NPTX2', 'COMP', 'SUMO4', 'CEMIP', 'GDIB', 'CH3L1', 'CBLN2', 'GUAD', 'CHLE', '1433B', 'HLAA', 'IBP3'], ['PGK1', 'PHLB3', 'FCGBP', 'POTEJ', 'TAU', 'MMP2', '1433G', 'NPTX2', 'FCG3A', 'CHLE', 'FREM2', '1433Z', 'PAL4A', 'AK1C1', 'CO7', 'NDKB', 'PPT1', 'GELS', 'PGK2', 'HLAA', 'HV103', 'DPP6', 'SNED1', '1433B', 'AMY2B', 'PROF2'], ['1433G', 'CBLN2', 'SEPR', 'HYAL1', 'ANXA2', 'TAU', 'ABHEA', 'AK1C1', '1433B', 'PAL4A', 'FRIL', 'CO7', 'PPT1', 'PGK1', 'NLGN3', 'CLMP', '1433Z', 'CADH5', 'TIMP2', '1433T', 'AMY2B', 'TSP4', 'GDIA', 'MIME', 'VASN', 'CADH8'], ['TAU', 'CSF2R', 'MA1C1', 'SV2A', '1433Z', 'CO6A2', 'AK1C1', 'CO7', 'PPT1', '1433G', 'SCUB1', 'SLIK2', 'NPY', 'CATZ', 'PPIA', 'PGK1', 'MMP2', 'AGRB1', '1433B', 'CHLE', 'ANXA2', 'PAL4A', 'IGF2', 'CADH5', '1433T', 'PCDGL'], ['TAU', 'NEDD8', 'HYI', 'MMP2', 'LV214', '1433G', 'CAH10', 'AK1C1', 'PAL4A', 'ERAP2', 'PRG4', 'CNTP5', 'SUMO4', 'CADH5', '1433Z', 'SORL', 'FREM2', 'CHIT1', 'IGF2', 'CBLN2', 'HDHD2', 'CHLE', 'PCDGL', 'PPT1', 'GDIA', 'GINM1'], ['TAU', 'XYLT1', 'CO7', 'CO6A2', 'TRFM', '1433G', 'AK1C1', 'PAL4A', 'MA1C1', 'ACBP', 'HORN', 'IGF2', 'SMOC1', 'PPT1', 'PCDGL', 'PGK1', 'ATS8', 'MMP2', 'GMFB', '1433Z', 'AMY2B', 'A2MG', 'ANAG', 'ADA28', 'CADH5', 'PGK2']]"
17,27,"[0.4333333333333333, 0.3458333333333333, 0.3875, 0.4125, 0.525, 0.30416666666666664, 0.29583333333333334, 0.3208333333333333, 0.33749999999999997, 0.33749999999999997]",0.37,0.06715446539301927,"(0.30321771249717544, 0.43678228750282455)",0.06678228750282456,"[['TAU', 'HYI', 'PZP', 'CO6A2', 'METRN', 'FSCN1', 'CO7', 'SUMO4', 'CEMIP', '1433G', 'HBAZ', 'PAL4A', 'MMP2', 'FREM2', 'AMY2B', 'VWF', 'CHST3', 'CHIT1', '1433Z', 'PRG4', 'CLMP', 'LAMB1', 'GUAD', 'ERAP2', 'SFRP3', 'PGK1', 'TRH'], ['1433Z', 'C1QT4', 'POTEJ', 'CO6A2', 'AK1C1', 'KLK11', '1433G', 'TAU', 'GLT15', 'MMP2', 'CHIT1', 'CADH5', '1433B', 'SMS', 'HDHD2', 'HLAA', 'SORL', '1433T', 'GDIB', 'CAD18', 'PAL4A', 'CAH10', 'PPT1', 'GDIA', 'FINC', 'ABHEA', 'PGK2'], ['1433G', 'CO7', 'TWSG1', 'AK1C1', 'NPY', 'AMY2B', '1433Z', 'PAL4A', 'MA1C1', 'TAU', 'MMP2', 'GMFB', 'CATH', 'PGK1', 'SCUB1', 'TRFM', '1433B', 'HAVR2', 'SERC', 'CADH5', 'KCC2B', 'ADA15', 'C1QC', 'GDIA', 'VWF', '1433T', 'PPT1'], ['TAU', 'CLMP', 'MST1L', 'PGBM', 'HORN', 'FUCO', 'SEPR', '1433Z', 'CBLN4', 'GDIA', 'GALNS', 'PGK1', 'PPT1', 'C1QC', '1433G', 'AK1C1', 'PAL4A', 'METRN', 'GUAD', 'CHIT1', 'CEMIP', 'ENOA', 'CAH1', 'CHLE', 'NUCB1', 'IMPA1', 'A0A0G2JRQ6'], ['GDIA', 'C1QB', 'PPIB', 'PILRA', 'TMM25', 'TAU', 'CLMP', 'VWF', '1433G', 'CO7', 'PAL4A', 'CADH5', 'PGK1', 'PPT1', 'NPTX2', 'COMP', 'SUMO4', 'CEMIP', 'GDIB', 'CH3L1', 'CBLN2', 'GUAD', 'CHLE', '1433B', 'HLAA', 'IBP3', 'GMFB'], ['PGK1', 'PHLB3', 'FCGBP', 'POTEJ', 'TAU', 'MMP2', '1433G', 'NPTX2', 'FCG3A', 'CHLE', 'FREM2', '1433Z', 'PAL4A', 'AK1C1', 'CO7', 'NDKB', 'PPT1', 'GELS', 'PGK2', 'HLAA', 'HV103', 'DPP6', 'SNED1', '1433B', 'AMY2B', 'PROF2', 'FCG3B'], ['1433G', 'CBLN2', 'SEPR', 'HYAL1', 'ANXA2', 'TAU', 'ABHEA', 'AK1C1', '1433B', 'PAL4A', 'FRIL', 'CO7', 'PPT1', 'PGK1', 'NLGN3', 'CLMP', '1433Z', 'CADH5', 'TIMP2', '1433T', 'AMY2B', 'TSP4', 'GDIA', 'MIME', 'VASN', 'CADH8', '1433F'], ['TAU', 'CSF2R', 'MA1C1', 'SV2A', '1433Z', 'CO6A2', 'AK1C1', 'CO7', 'PPT1', '1433G', 'SCUB1', 'SLIK2', 'NPY', 'CATZ', 'PPIA', 'PGK1', 'MMP2', 'AGRB1', '1433B', 'CHLE', 'ANXA2', 'PAL4A', 'IGF2', 'CADH5', '1433T', 'PCDGL', 'MYDGF'], ['TAU', 'NEDD8', 'HYI', 'MMP2', 'LV214', '1433G', 'CAH10', 'AK1C1', 'PAL4A', 'ERAP2', 'PRG4', 'CNTP5', 'SUMO4', 'CADH5', '1433Z', 'SORL', 'FREM2', 'CHIT1', 'IGF2', 'CBLN2', 'HDHD2', 'CHLE', 'PCDGL', 'PPT1', 'GDIA', 'GINM1', 'GUAD'], ['TAU', 'XYLT1', 'CO7', 'CO6A2', 'TRFM', '1433G', 'AK1C1', 'PAL4A', 'MA1C1', 'ACBP', 'HORN', 'IGF2', 'SMOC1', 'PPT1', 'PCDGL', 'PGK1', 'ATS8', 'MMP2', 'GMFB', '1433Z', 'AMY2B', 'A2MG', 'ANAG', 'ADA28', 'CADH5', 'PGK2', 'GUAD']]"
18,28,"[0.44583333333333336, 0.3541666666666667, 0.30416666666666664, 0.49166666666666664, 0.40833333333333327, 0.29166666666666663, 0.39583333333333337, 0.3208333333333333, 0.43749999999999994, 0.275]",0.37249999999999994,0.07024757805235865,"(0.30264174222943946, 0.4423582577705605)",0.06985825777056051,"[['TAU', 'HYI', 'PZP', 'CO6A2', 'METRN', 'FSCN1', 'CO7', 'SUMO4', 'CEMIP', '1433G', 'HBAZ', 'PAL4A', 'MMP2', 'FREM2', 'AMY2B', 'VWF', 'CHST3', 'CHIT1', '1433Z', 'PRG4', 'CLMP', 'LAMB1', 'GUAD', 'ERAP2', 'SFRP3', 'PGK1', 'TRH', 'G37L1'], ['1433Z', 'C1QT4', 'POTEJ', 'CO6A2', 'AK1C1', 'KLK11', '1433G', 'TAU', 'GLT15', 'MMP2', 'CHIT1', 'CADH5', '1433B', 'SMS', 'HDHD2', 'HLAA', 'SORL', '1433T', 'GDIB', 'CAD18', 'PAL4A', 'CAH10', 'PPT1', 'GDIA', 'FINC', 'ABHEA', 'PGK2', 'NPY'], ['1433G', 'CO7', 'TWSG1', 'AK1C1', 'NPY', 'AMY2B', '1433Z', 'PAL4A', 'MA1C1', 'TAU', 'MMP2', 'GMFB', 'CATH', 'PGK1', 'SCUB1', 'TRFM', '1433B', 'HAVR2', 'SERC', 'CADH5', 'KCC2B', 'ADA15', 'C1QC', 'GDIA', 'VWF', '1433T', 'PPT1', 'C1QT3'], ['TAU', 'CLMP', 'MST1L', 'PGBM', 'HORN', 'FUCO', 'SEPR', '1433Z', 'CBLN4', 'GDIA', 'GALNS', 'PGK1', 'PPT1', 'C1QC', '1433G', 'AK1C1', 'PAL4A', 'METRN', 'GUAD', 'CHIT1', 'CEMIP', 'ENOA', 'CAH1', 'CHLE', 'NUCB1', 'IMPA1', 'A0A0G2JRQ6', 'PGK2'], ['GDIA', 'C1QB', 'PPIB', 'PILRA', 'TMM25', 'TAU', 'CLMP', 'VWF', '1433G', 'CO7', 'PAL4A', 'CADH5', 'PGK1', 'PPT1', 'NPTX2', 'COMP', 'SUMO4', 'CEMIP', 'GDIB', 'CH3L1', 'CBLN2', 'GUAD', 'CHLE', '1433B', 'HLAA', 'IBP3', 'GMFB', 'MMP2'], ['PGK1', 'PHLB3', 'FCGBP', 'POTEJ', 'TAU', 'MMP2', '1433G', 'NPTX2', 'FCG3A', 'CHLE', 'FREM2', '1433Z', 'PAL4A', 'AK1C1', 'CO7', 'NDKB', 'PPT1', 'GELS', 'PGK2', 'HLAA', 'HV103', 'DPP6', 'SNED1', '1433B', 'AMY2B', 'PROF2', 'FCG3B', 'AGRB1'], ['1433G', 'CBLN2', 'SEPR', 'HYAL1', 'ANXA2', 'TAU', 'ABHEA', 'AK1C1', '1433B', 'PAL4A', 'FRIL', 'CO7', 'PPT1', 'PGK1', 'NLGN3', 'CLMP', '1433Z', 'CADH5', 'TIMP2', '1433T', 'AMY2B', 'TSP4', 'GDIA', 'MIME', 'VASN', 'CADH8', '1433F', 'DPP6'], ['TAU', 'CSF2R', 'MA1C1', 'SV2A', '1433Z', 'CO6A2', 'AK1C1', 'CO7', 'PPT1', '1433G', 'SCUB1', 'SLIK2', 'NPY', 'CATZ', 'PPIA', 'PGK1', 'MMP2', 'AGRB1', '1433B', 'CHLE', 'ANXA2', 'PAL4A', 'IGF2', 'CADH5', '1433T', 'PCDGL', 'MYDGF', 'NPTX2'], ['TAU', 'NEDD8', 'HYI', 'MMP2', 'LV214', '1433G', 'CAH10', 'AK1C1', 'PAL4A', 'ERAP2', 'PRG4', 'CNTP5', 'SUMO4', 'CADH5', '1433Z', 'SORL', 'FREM2', 'CHIT1', 'IGF2', 'CBLN2', 'HDHD2', 'CHLE', 'PCDGL', 'PPT1', 'GDIA', 'GINM1', 'GUAD', '1433B'], ['TAU', 'XYLT1', 'CO7', 'CO6A2', 'TRFM', '1433G', 'AK1C1', 'PAL4A', 'MA1C1', 'ACBP', 'HORN', 'IGF2', 'SMOC1', 'PPT1', 'PCDGL', 'PGK1', 'ATS8', 'MMP2', 'GMFB', '1433Z', 'AMY2B', 'A2MG', 'ANAG', 'ADA28', 'CADH5', 'PGK2', 'GUAD', 'LV214']]"
19,29,"[0.44583333333333336, 0.3541666666666667, 0.375, 0.4125, 0.5125, 0.29166666666666663, 0.30000000000000004, 0.3833333333333333, 0.2875, 0.20833333333333331]",0.3570833333333333,0.08403971448732504,"(0.273509376758716, 0.4406572899079506)",0.0835739565746173,"[['TAU', 'HYI', 'PZP', 'CO6A2', 'METRN', 'FSCN1', 'CO7', 'SUMO4', 'CEMIP', '1433G', 'HBAZ', 'PAL4A', 'MMP2', 'FREM2', 'AMY2B', 'VWF', 'CHST3', 'CHIT1', '1433Z', 'PRG4', 'CLMP', 'LAMB1', 'GUAD', 'ERAP2', 'SFRP3', 'PGK1', 'TRH', 'G37L1', 'SNED1'], ['1433Z', 'C1QT4', 'POTEJ', 'CO6A2', 'AK1C1', 'KLK11', '1433G', 'TAU', 'GLT15', 'MMP2', 'CHIT1', 'CADH5', '1433B', 'SMS', 'HDHD2', 'HLAA', 'SORL', '1433T', 'GDIB', 'CAD18', 'PAL4A', 'CAH10', 'PPT1', 'GDIA', 'FINC', 'ABHEA', 'PGK2', 'NPY', 'FREM2'], ['1433G', 'CO7', 'TWSG1', 'AK1C1', 'NPY', 'AMY2B', '1433Z', 'PAL4A', 'MA1C1', 'TAU', 'MMP2', 'GMFB', 'CATH', 'PGK1', 'SCUB1', 'TRFM', '1433B', 'HAVR2', 'SERC', 'CADH5', 'KCC2B', 'ADA15', 'C1QC', 'GDIA', 'VWF', '1433T', 'PPT1', 'C1QT3', 'ACBP'], ['TAU', 'CLMP', 'MST1L', 'PGBM', 'HORN', 'FUCO', 'SEPR', '1433Z', 'CBLN4', 'GDIA', 'GALNS', 'PGK1', 'PPT1', 'C1QC', '1433G', 'AK1C1', 'PAL4A', 'METRN', 'GUAD', 'CHIT1', 'CEMIP', 'ENOA', 'CAH1', 'CHLE', 'NUCB1', 'IMPA1', 'A0A0G2JRQ6', 'PGK2', 'MMP2'], ['GDIA', 'C1QB', 'PPIB', 'PILRA', 'TMM25', 'TAU', 'CLMP', 'VWF', '1433G', 'CO7', 'PAL4A', 'CADH5', 'PGK1', 'PPT1', 'NPTX2', 'COMP', 'SUMO4', 'CEMIP', 'GDIB', 'CH3L1', 'CBLN2', 'GUAD', 'CHLE', '1433B', 'HLAA', 'IBP3', 'GMFB', 'MMP2', '1433Z'], ['PGK1', 'PHLB3', 'FCGBP', 'POTEJ', 'TAU', 'MMP2', '1433G', 'NPTX2', 'FCG3A', 'CHLE', 'FREM2', '1433Z', 'PAL4A', 'AK1C1', 'CO7', 'NDKB', 'PPT1', 'GELS', 'PGK2', 'HLAA', 'HV103', 'DPP6', 'SNED1', '1433B', 'AMY2B', 'PROF2', 'FCG3B', 'AGRB1', 'GDIA'], ['1433G', 'CBLN2', 'SEPR', 'HYAL1', 'ANXA2', 'TAU', 'ABHEA', 'AK1C1', '1433B', 'PAL4A', 'FRIL', 'CO7', 'PPT1', 'PGK1', 'NLGN3', 'CLMP', '1433Z', 'CADH5', 'TIMP2', '1433T', 'AMY2B', 'TSP4', 'GDIA', 'MIME', 'VASN', 'CADH8', '1433F', 'DPP6', 'IBPL1'], ['TAU', 'CSF2R', 'MA1C1', 'SV2A', '1433Z', 'CO6A2', 'AK1C1', 'CO7', 'PPT1', '1433G', 'SCUB1', 'SLIK2', 'NPY', 'CATZ', 'PPIA', 'PGK1', 'MMP2', 'AGRB1', '1433B', 'CHLE', 'ANXA2', 'PAL4A', 'IGF2', 'CADH5', '1433T', 'PCDGL', 'MYDGF', 'NPTX2', 'GDIA'], ['TAU', 'NEDD8', 'HYI', 'MMP2', 'LV214', '1433G', 'CAH10', 'AK1C1', 'PAL4A', 'ERAP2', 'PRG4', 'CNTP5', 'SUMO4', 'CADH5', '1433Z', 'SORL', 'FREM2', 'CHIT1', 'IGF2', 'CBLN2', 'HDHD2', 'CHLE', 'PCDGL', 'PPT1', 'GDIA', 'GINM1', 'GUAD', '1433B', 'CO7'], ['TAU', 'XYLT1', 'CO7', 'CO6A2', 'TRFM', '1433G', 'AK1C1', 'PAL4A', 'MA1C1', 'ACBP', 'HORN', 'IGF2', 'SMOC1', 'PPT1', 'PCDGL', 'PGK1', 'ATS8', 'MMP2', 'GMFB', '1433Z', 'AMY2B', 'A2MG', 'ANAG', 'ADA28', 'CADH5', 'PGK2', 'GUAD', 'LV214', 'CEMIP']]"
20,30,"[0.44583333333333336, 0.36666666666666664, 0.4375, 0.43749999999999994, 0.4708333333333333, 0.4541666666666667, 0.1958333333333333, 0.33333333333333337, 0.3, 0.33749999999999997]",0.3779166666666666,0.08314666593168699,"(0.2952308092682927, 0.4606025240650406)",0.08268585739837395,"[['TAU', 'HYI', 'PZP', 'CO6A2', 'METRN', 'FSCN1', 'CO7', 'SUMO4', 'CEMIP', '1433G', 'HBAZ', 'PAL4A', 'MMP2', 'FREM2', 'AMY2B', 'VWF', 'CHST3', 'CHIT1', '1433Z', 'PRG4', 'CLMP', 'LAMB1', 'GUAD', 'ERAP2', 'SFRP3', 'PGK1', 'TRH', 'G37L1', 'SNED1', 'DPP6'], ['1433Z', 'C1QT4', 'POTEJ', 'CO6A2', 'AK1C1', 'KLK11', '1433G', 'TAU', 'GLT15', 'MMP2', 'CHIT1', 'CADH5', '1433B', 'SMS', 'HDHD2', 'HLAA', 'SORL', '1433T', 'GDIB', 'CAD18', 'PAL4A', 'CAH10', 'PPT1', 'GDIA', 'FINC', 'ABHEA', 'PGK2', 'NPY', 'FREM2', '1433F'], ['1433G', 'CO7', 'TWSG1', 'AK1C1', 'NPY', 'AMY2B', '1433Z', 'PAL4A', 'MA1C1', 'TAU', 'MMP2', 'GMFB', 'CATH', 'PGK1', 'SCUB1', 'TRFM', '1433B', 'HAVR2', 'SERC', 'CADH5', 'KCC2B', 'ADA15', 'C1QC', 'GDIA', 'VWF', '1433T', 'PPT1', 'C1QT3', 'ACBP', 'HDHD2'], ['TAU', 'CLMP', 'MST1L', 'PGBM', 'HORN', 'FUCO', 'SEPR', '1433Z', 'CBLN4', 'GDIA', 'GALNS', 'PGK1', 'PPT1', 'C1QC', '1433G', 'AK1C1', 'PAL4A', 'METRN', 'GUAD', 'CHIT1', 'CEMIP', 'ENOA', 'CAH1', 'CHLE', 'NUCB1', 'IMPA1', 'A0A0G2JRQ6', 'PGK2', 'MMP2', 'NEUM'], ['GDIA', 'C1QB', 'PPIB', 'PILRA', 'TMM25', 'TAU', 'CLMP', 'VWF', '1433G', 'CO7', 'PAL4A', 'CADH5', 'PGK1', 'PPT1', 'NPTX2', 'COMP', 'SUMO4', 'CEMIP', 'GDIB', 'CH3L1', 'CBLN2', 'GUAD', 'CHLE', '1433B', 'HLAA', 'IBP3', 'GMFB', 'MMP2', '1433Z', 'TSP4'], ['PGK1', 'PHLB3', 'FCGBP', 'POTEJ', 'TAU', 'MMP2', '1433G', 'NPTX2', 'FCG3A', 'CHLE', 'FREM2', '1433Z', 'PAL4A', 'AK1C1', 'CO7', 'NDKB', 'PPT1', 'GELS', 'PGK2', 'HLAA', 'HV103', 'DPP6', 'SNED1', '1433B', 'AMY2B', 'PROF2', 'FCG3B', 'AGRB1', 'GDIA', 'SEPR'], ['1433G', 'CBLN2', 'SEPR', 'HYAL1', 'ANXA2', 'TAU', 'ABHEA', 'AK1C1', '1433B', 'PAL4A', 'FRIL', 'CO7', 'PPT1', 'PGK1', 'NLGN3', 'CLMP', '1433Z', 'CADH5', 'TIMP2', '1433T', 'AMY2B', 'TSP4', 'GDIA', 'MIME', 'VASN', 'CADH8', '1433F', 'DPP6', 'IBPL1', 'SCUB1'], ['TAU', 'CSF2R', 'MA1C1', 'SV2A', '1433Z', 'CO6A2', 'AK1C1', 'CO7', 'PPT1', '1433G', 'SCUB1', 'SLIK2', 'NPY', 'CATZ', 'PPIA', 'PGK1', 'MMP2', 'AGRB1', '1433B', 'CHLE', 'ANXA2', 'PAL4A', 'IGF2', 'CADH5', '1433T', 'PCDGL', 'MYDGF', 'NPTX2', 'GDIA', 'LTBP4'], ['TAU', 'NEDD8', 'HYI', 'MMP2', 'LV214', '1433G', 'CAH10', 'AK1C1', 'PAL4A', 'ERAP2', 'PRG4', 'CNTP5', 'SUMO4', 'CADH5', '1433Z', 'SORL', 'FREM2', 'CHIT1', 'IGF2', 'CBLN2', 'HDHD2', 'CHLE', 'PCDGL', 'PPT1', 'GDIA', 'GINM1', 'GUAD', '1433B', 'CO7', 'CAH2'], ['TAU', 'XYLT1', 'CO7', 'CO6A2', 'TRFM', '1433G', 'AK1C1', 'PAL4A', 'MA1C1', 'ACBP', 'HORN', 'IGF2', 'SMOC1', 'PPT1', 'PCDGL', 'PGK1', 'ATS8', 'MMP2', 'GMFB', '1433Z', 'AMY2B', 'A2MG', 'ANAG', 'ADA28', 'CADH5', 'PGK2', 'GUAD', 'LV214', 'CEMIP', 'HYI']]"
