,feature_num,ind_scores,avg_score,stdev,onesigma,twosigma,threesigma,yerrone,yerrtwo,yerrthree,features,uniquefeatures
0,10,"[0.5333333333333334, 0.4708333333333333, 0.525, 0.46249999999999997, 0.3875, 0.35, 0.6125, 0.7208333333333334, 0.40833333333333327, 0.5458333333333334]",0.5016666666666667,0.10537960481569059,"(0.3968710879281747, 0.6064622454051587)","(0.29512643652284953, 0.7082068968104839)","(0.2302267925860081, 0.7731065407473253)",0.10479557873849199,0.20654023014381717,0.2714398740806586,"[['TAU', 'LTBP2', 'K1C24', 'NPTX2', 'ACBP', 'GDIA', 'AK1C1', 'FREM2', '1433G', 'VWF'], ['TAU', 'RNAS6', 'CBLN4', 'ABHEA', 'B3GA3', 'PPT1', 'PGK1', 'FCG3A', 'PCDGL', '1433G'], ['GDIA', 'LY96', 'COFA1', 'FCG3A', 'TWSG1', 'AK1C1', 'FREM2', '1433G', 'ABHEA', 'NPY'], ['1433Z', 'SCG2', 'AK1C1', 'OLFL3', 'CAH2', 'PAL4A', '1433G', 'VWF', 'TAU', 'CLMP'], ['1433G', 'MARCO', 'SEPR', 'FUCO', 'PIGR', 'GALNS', 'PAL4A', 'AK1C1', 'PGK1', 'MMP2'], ['TAU', 'CATD', 'ABHEA', 'CAH2', 'SEPR', '1433G', 'PILRA', 'G6PI', 'SUN3', 'NPY'], ['1433G', 'SCG2', 'FBLN4', 'PPT1', 'PAL4A', 'CO7', 'TAU', 'CAH2', '1433Z', 'NLGN3'], ['TAU', 'SEPR', 'PROS', 'SORL', 'AK1C1', '1433G', 'AMY2B', 'NPTX2', 'CO7', 'PGK1'], ['TAU', 'POTEJ', 'FGL2', 'PCP', 'AK1C1', '1433G', 'SV2A', 'XXLT1', 'CADH5', '1433Z'], ['1433G', 'SIA8C', 'LYAG', 'KDM6A', 'AK1C1', 'TAU', 'GALT6', '1433Z', 'FREM2', 'LV214']]","['1433G', '1433Z', 'ABHEA', 'ACBP', 'AK1C1', 'AMY2B', 'B3GA3', 'CADH5', 'CAH2', 'CATD', 'CBLN4', 'CLMP', 'CO7', 'COFA1', 'FBLN4', 'FCG3A', 'FGL2', 'FREM2', 'FUCO', 'G6PI', 'GALNS', 'GALT6', 'GDIA', 'K1C24', 'KDM6A', 'LTBP2', 'LV214', 'LY96', 'LYAG', 'MARCO', 'MMP2', 'NLGN3', 'NPTX2', 'NPY', 'OLFL3', 'PAL4A', 'PCDGL', 'PCP', 'PGK1', 'PIGR', 'PILRA', 'POTEJ', 'PPT1', 'PROS', 'RNAS6', 'SCG2', 'SEPR', 'SIA8C', 'SORL', 'SUN3', 'SV2A', 'TAU', 'TWSG1', 'VWF', 'XXLT1']"
1,11,"[0.4791666666666667, 0.39999999999999997, 0.5916666666666668, 0.5125000000000001, 0.41666666666666663, 0.375, 0.7250000000000001, 0.6208333333333333, 0.4458333333333333, 0.5208333333333334]",0.5087499999999999,0.10458997322879478,"(0.4047396766179279, 0.612760323382072)","(0.30375741932755373, 0.7137425806724461)","(0.23934408209987534, 0.7781559179001245)",0.10401032338207203,0.2049925806724462,0.2694059179001246,"[['TAU', 'LTBP2', 'K1C24', 'NPTX2', 'ACBP', 'GDIA', 'AK1C1', 'FREM2', '1433G', 'VWF', 'PAL4A'], ['TAU', 'RNAS6', 'CBLN4', 'ABHEA', 'B3GA3', 'PPT1', 'PGK1', 'FCG3A', 'PCDGL', '1433G', 'PILRA'], ['GDIA', 'LY96', 'COFA1', 'FCG3A', 'TWSG1', 'AK1C1', 'FREM2', '1433G', 'ABHEA', 'NPY', 'TAU'], ['1433Z', 'SCG2', 'AK1C1', 'OLFL3', 'CAH2', 'PAL4A', '1433G', 'VWF', 'TAU', 'CLMP', 'SEPR'], ['1433G', 'MARCO', 'SEPR', 'FUCO', 'PIGR', 'GALNS', 'PAL4A', 'AK1C1', 'PGK1', 'MMP2', 'TAU'], ['TAU', 'CATD', 'ABHEA', 'CAH2', 'SEPR', '1433G', 'PILRA', 'G6PI', 'SUN3', 'NPY', 'PAL4A'], ['1433G', 'SCG2', 'FBLN4', 'PPT1', 'PAL4A', 'CO7', 'TAU', 'CAH2', '1433Z', 'NLGN3', 'FRIL'], ['TAU', 'SEPR', 'PROS', 'SORL', 'AK1C1', '1433G', 'AMY2B', 'NPTX2', 'CO7', 'PGK1', 'PRG4'], ['TAU', 'POTEJ', 'FGL2', 'PCP', 'AK1C1', '1433G', 'SV2A', 'XXLT1', 'CADH5', '1433Z', 'A0A075B7D0'], ['1433G', 'SIA8C', 'LYAG', 'KDM6A', 'AK1C1', 'TAU', 'GALT6', '1433Z', 'FREM2', 'LV214', 'PAL4A']]","['1433G', '1433Z', 'A0A075B7D0', 'ABHEA', 'ACBP', 'AK1C1', 'AMY2B', 'B3GA3', 'CADH5', 'CAH2', 'CATD', 'CBLN4', 'CLMP', 'CO7', 'COFA1', 'FBLN4', 'FCG3A', 'FGL2', 'FREM2', 'FRIL', 'FUCO', 'G6PI', 'GALNS', 'GALT6', 'GDIA', 'K1C24', 'KDM6A', 'LTBP2', 'LV214', 'LY96', 'LYAG', 'MARCO', 'MMP2', 'NLGN3', 'NPTX2', 'NPY', 'OLFL3', 'PAL4A', 'PCDGL', 'PCP', 'PGK1', 'PIGR', 'PILRA', 'POTEJ', 'PPT1', 'PRG4', 'PROS', 'RNAS6', 'SCG2', 'SEPR', 'SIA8C', 'SORL', 'SUN3', 'SV2A', 'TAU', 'TWSG1', 'VWF', 'XXLT1']"
2,12,"[0.38333333333333336, 0.35, 0.5791666666666667, 0.5875, 0.42916666666666664, 0.30000000000000004, 0.6125, 0.6833333333333333, 0.4333333333333333, 0.5958333333333333]",0.4954166666666667,0.12439366833654447,"(0.37171240256801064, 0.6191209307653229)","(0.2516095568222191, 0.7392237765111144)","(0.17499981058945246, 0.815833522743881)",0.12370426409865615,0.24380710984444764,0.32041685607721426,"[['TAU', 'LTBP2', 'K1C24', 'NPTX2', 'ACBP', 'GDIA', 'AK1C1', 'FREM2', '1433G', 'VWF', 'PAL4A', 'VGF'], ['TAU', 'RNAS6', 'CBLN4', 'ABHEA', 'B3GA3', 'PPT1', 'PGK1', 'FCG3A', 'PCDGL', '1433G', 'PILRA', 'IGF2'], ['GDIA', 'LY96', 'COFA1', 'FCG3A', 'TWSG1', 'AK1C1', 'FREM2', '1433G', 'ABHEA', 'NPY', 'TAU', 'PAL4A'], ['1433Z', 'SCG2', 'AK1C1', 'OLFL3', 'CAH2', 'PAL4A', '1433G', 'VWF', 'TAU', 'CLMP', 'SEPR', 'CADH5'], ['1433G', 'MARCO', 'SEPR', 'FUCO', 'PIGR', 'GALNS', 'PAL4A', 'AK1C1', 'PGK1', 'MMP2', 'TAU', 'POTEJ'], ['TAU', 'CATD', 'ABHEA', 'CAH2', 'SEPR', '1433G', 'PILRA', 'G6PI', 'SUN3', 'NPY', 'PAL4A', '1433Z'], ['1433G', 'SCG2', 'FBLN4', 'PPT1', 'PAL4A', 'CO7', 'TAU', 'CAH2', '1433Z', 'NLGN3', 'FRIL', 'CADH5'], ['TAU', 'SEPR', 'PROS', 'SORL', 'AK1C1', '1433G', 'AMY2B', 'NPTX2', 'CO7', 'PGK1', 'PRG4', 'PAL4A'], ['TAU', 'POTEJ', 'FGL2', 'PCP', 'AK1C1', '1433G', 'SV2A', 'XXLT1', 'CADH5', '1433Z', 'A0A075B7D0', 'HLAA'], ['1433G', 'SIA8C', 'LYAG', 'KDM6A', 'AK1C1', 'TAU', 'GALT6', '1433Z', 'FREM2', 'LV214', 'PAL4A', 'CO7']]","['1433G', '1433Z', 'A0A075B7D0', 'ABHEA', 'ACBP', 'AK1C1', 'AMY2B', 'B3GA3', 'CADH5', 'CAH2', 'CATD', 'CBLN4', 'CLMP', 'CO7', 'COFA1', 'FBLN4', 'FCG3A', 'FGL2', 'FREM2', 'FRIL', 'FUCO', 'G6PI', 'GALNS', 'GALT6', 'GDIA', 'HLAA', 'IGF2', 'K1C24', 'KDM6A', 'LTBP2', 'LV214', 'LY96', 'LYAG', 'MARCO', 'MMP2', 'NLGN3', 'NPTX2', 'NPY', 'OLFL3', 'PAL4A', 'PCDGL', 'PCP', 'PGK1', 'PIGR', 'PILRA', 'POTEJ', 'PPT1', 'PRG4', 'PROS', 'RNAS6', 'SCG2', 'SEPR', 'SIA8C', 'SORL', 'SUN3', 'SV2A', 'TAU', 'TWSG1', 'VGF', 'VWF', 'XXLT1']"
3,13,"[0.4083333333333333, 0.45416666666666666, 0.6166666666666667, 0.525, 0.4458333333333333, 0.2875, 0.6375000000000001, 0.6958333333333333, 0.4666666666666666, 0.5208333333333334]",0.5058333333333332,0.11458257575507137,"(0.3918857875952238, 0.6197808790714427)","(0.28125561159756096, 0.7304110550691055)","(0.21068817702730863, 0.8009784896393579)",0.11394754573810947,0.22457772173577228,0.29514515630602467,"[['TAU', 'LTBP2', 'K1C24', 'NPTX2', 'ACBP', 'GDIA', 'AK1C1', 'FREM2', '1433G', 'VWF', 'PAL4A', 'VGF', 'CLMP'], ['TAU', 'RNAS6', 'CBLN4', 'ABHEA', 'B3GA3', 'PPT1', 'PGK1', 'FCG3A', 'PCDGL', '1433G', 'PILRA', 'IGF2', 'AK1C1'], ['GDIA', 'LY96', 'COFA1', 'FCG3A', 'TWSG1', 'AK1C1', 'FREM2', '1433G', 'ABHEA', 'NPY', 'TAU', 'PAL4A', 'MMP2'], ['1433Z', 'SCG2', 'AK1C1', 'OLFL3', 'CAH2', 'PAL4A', '1433G', 'VWF', 'TAU', 'CLMP', 'SEPR', 'CADH5', '1433B'], ['1433G', 'MARCO', 'SEPR', 'FUCO', 'PIGR', 'GALNS', 'PAL4A', 'AK1C1', 'PGK1', 'MMP2', 'TAU', 'POTEJ', 'GDIA'], ['TAU', 'CATD', 'ABHEA', 'CAH2', 'SEPR', '1433G', 'PILRA', 'G6PI', 'SUN3', 'NPY', 'PAL4A', '1433Z', 'LTBP4'], ['1433G', 'SCG2', 'FBLN4', 'PPT1', 'PAL4A', 'CO7', 'TAU', 'CAH2', '1433Z', 'NLGN3', 'FRIL', 'CADH5', 'EPHA5'], ['TAU', 'SEPR', 'PROS', 'SORL', 'AK1C1', '1433G', 'AMY2B', 'NPTX2', 'CO7', 'PGK1', 'PRG4', 'PAL4A', 'CLMP'], ['TAU', 'POTEJ', 'FGL2', 'PCP', 'AK1C1', '1433G', 'SV2A', 'XXLT1', 'CADH5', '1433Z', 'A0A075B7D0', 'HLAA', 'HDHD2'], ['1433G', 'SIA8C', 'LYAG', 'KDM6A', 'AK1C1', 'TAU', 'GALT6', '1433Z', 'FREM2', 'LV214', 'PAL4A', 'CO7', 'ALDOA']]","['1433B', '1433G', '1433Z', 'A0A075B7D0', 'ABHEA', 'ACBP', 'AK1C1', 'ALDOA', 'AMY2B', 'B3GA3', 'CADH5', 'CAH2', 'CATD', 'CBLN4', 'CLMP', 'CO7', 'COFA1', 'EPHA5', 'FBLN4', 'FCG3A', 'FGL2', 'FREM2', 'FRIL', 'FUCO', 'G6PI', 'GALNS', 'GALT6', 'GDIA', 'HDHD2', 'HLAA', 'IGF2', 'K1C24', 'KDM6A', 'LTBP2', 'LTBP4', 'LV214', 'LY96', 'LYAG', 'MARCO', 'MMP2', 'NLGN3', 'NPTX2', 'NPY', 'OLFL3', 'PAL4A', 'PCDGL', 'PCP', 'PGK1', 'PIGR', 'PILRA', 'POTEJ', 'PPT1', 'PRG4', 'PROS', 'RNAS6', 'SCG2', 'SEPR', 'SIA8C', 'SORL', 'SUN3', 'SV2A', 'TAU', 'TWSG1', 'VGF', 'VWF', 'XXLT1']"
4,14,"[0.4708333333333333, 0.41666666666666663, 0.6666666666666666, 0.525, 0.38333333333333336, 0.30000000000000004, 0.6, 0.6958333333333333, 0.5041666666666667, 0.5083333333333334]",0.5070833333333333,0.117364727097483,"(0.39036905526048005, 0.6237976114061867)","(0.2770526951668945, 0.7371139714997721)","(0.20477183007261696, 0.8093948365940498)",0.11671427807285334,0.2300306381664388,0.30231150326071643,"[['TAU', 'LTBP2', 'K1C24', 'NPTX2', 'ACBP', 'GDIA', 'AK1C1', 'FREM2', '1433G', 'VWF', 'PAL4A', 'VGF', 'CLMP', 'CATZ'], ['TAU', 'RNAS6', 'CBLN4', 'ABHEA', 'B3GA3', 'PPT1', 'PGK1', 'FCG3A', 'PCDGL', '1433G', 'PILRA', 'IGF2', 'AK1C1', 'HDHD2'], ['GDIA', 'LY96', 'COFA1', 'FCG3A', 'TWSG1', 'AK1C1', 'FREM2', '1433G', 'ABHEA', 'NPY', 'TAU', 'PAL4A', 'MMP2', 'CAH10'], ['1433Z', 'SCG2', 'AK1C1', 'OLFL3', 'CAH2', 'PAL4A', '1433G', 'VWF', 'TAU', 'CLMP', 'SEPR', 'CADH5', '1433B', 'CEMIP'], ['1433G', 'MARCO', 'SEPR', 'FUCO', 'PIGR', 'GALNS', 'PAL4A', 'AK1C1', 'PGK1', 'MMP2', 'TAU', 'POTEJ', 'GDIA', 'PPIB'], ['TAU', 'CATD', 'ABHEA', 'CAH2', 'SEPR', '1433G', 'PILRA', 'G6PI', 'SUN3', 'NPY', 'PAL4A', '1433Z', 'LTBP4', 'FREM2'], ['1433G', 'SCG2', 'FBLN4', 'PPT1', 'PAL4A', 'CO7', 'TAU', 'CAH2', '1433Z', 'NLGN3', 'FRIL', 'CADH5', 'EPHA5', 'ACBP'], ['TAU', 'SEPR', 'PROS', 'SORL', 'AK1C1', '1433G', 'AMY2B', 'NPTX2', 'CO7', 'PGK1', 'PRG4', 'PAL4A', 'CLMP', 'AGRB1'], ['TAU', 'POTEJ', 'FGL2', 'PCP', 'AK1C1', '1433G', 'SV2A', 'XXLT1', 'CADH5', '1433Z', 'A0A075B7D0', 'HLAA', 'HDHD2', 'CHIT1'], ['1433G', 'SIA8C', 'LYAG', 'KDM6A', 'AK1C1', 'TAU', 'GALT6', '1433Z', 'FREM2', 'LV214', 'PAL4A', 'CO7', 'ALDOA', 'LAMC3']]","['1433B', '1433G', '1433Z', 'A0A075B7D0', 'ABHEA', 'ACBP', 'AGRB1', 'AK1C1', 'ALDOA', 'AMY2B', 'B3GA3', 'CADH5', 'CAH10', 'CAH2', 'CATD', 'CATZ', 'CBLN4', 'CEMIP', 'CHIT1', 'CLMP', 'CO7', 'COFA1', 'EPHA5', 'FBLN4', 'FCG3A', 'FGL2', 'FREM2', 'FRIL', 'FUCO', 'G6PI', 'GALNS', 'GALT6', 'GDIA', 'HDHD2', 'HLAA', 'IGF2', 'K1C24', 'KDM6A', 'LAMC3', 'LTBP2', 'LTBP4', 'LV214', 'LY96', 'LYAG', 'MARCO', 'MMP2', 'NLGN3', 'NPTX2', 'NPY', 'OLFL3', 'PAL4A', 'PCDGL', 'PCP', 'PGK1', 'PIGR', 'PILRA', 'POTEJ', 'PPIB', 'PPT1', 'PRG4', 'PROS', 'RNAS6', 'SCG2', 'SEPR', 'SIA8C', 'SORL', 'SUN3', 'SV2A', 'TAU', 'TWSG1', 'VGF', 'VWF', 'XXLT1']"
5,15,"[0.38333333333333336, 0.42916666666666664, 0.6541666666666667, 0.55, 0.42083333333333334, 0.2875, 0.575, 0.6333333333333333, 0.44166666666666665, 0.49583333333333335]",0.48708333333333337,0.11021522505231904,"(0.3774789339303176, 0.5966877327363491)","(0.27106546168281137, 0.7031012049838554)","(0.20318772694633308, 0.7709789397203337)",0.10960439940301575,0.21601787165052203,0.2838956063870003,"[['TAU', 'LTBP2', 'K1C24', 'NPTX2', 'ACBP', 'GDIA', 'AK1C1', 'FREM2', '1433G', 'VWF', 'PAL4A', 'VGF', 'CLMP', 'CATZ', '1433Z'], ['TAU', 'RNAS6', 'CBLN4', 'ABHEA', 'B3GA3', 'PPT1', 'PGK1', 'FCG3A', 'PCDGL', '1433G', 'PILRA', 'IGF2', 'AK1C1', 'HDHD2', 'CO6A2'], ['GDIA', 'LY96', 'COFA1', 'FCG3A', 'TWSG1', 'AK1C1', 'FREM2', '1433G', 'ABHEA', 'NPY', 'TAU', 'PAL4A', 'MMP2', 'CAH10', '1433B'], ['1433Z', 'SCG2', 'AK1C1', 'OLFL3', 'CAH2', 'PAL4A', '1433G', 'VWF', 'TAU', 'CLMP', 'SEPR', 'CADH5', '1433B', 'CEMIP', 'CADH8'], ['1433G', 'MARCO', 'SEPR', 'FUCO', 'PIGR', 'GALNS', 'PAL4A', 'AK1C1', 'PGK1', 'MMP2', 'TAU', 'POTEJ', 'GDIA', 'PPIB', '1433B'], ['TAU', 'CATD', 'ABHEA', 'CAH2', 'SEPR', '1433G', 'PILRA', 'G6PI', 'SUN3', 'NPY', 'PAL4A', '1433Z', 'LTBP4', 'FREM2', 'MARCO'], ['1433G', 'SCG2', 'FBLN4', 'PPT1', 'PAL4A', 'CO7', 'TAU', 'CAH2', '1433Z', 'NLGN3', 'FRIL', 'CADH5', 'EPHA5', 'ACBP', 'HV404'], ['TAU', 'SEPR', 'PROS', 'SORL', 'AK1C1', '1433G', 'AMY2B', 'NPTX2', 'CO7', 'PGK1', 'PRG4', 'PAL4A', 'CLMP', 'AGRB1', 'G6PI'], ['TAU', 'POTEJ', 'FGL2', 'PCP', 'AK1C1', '1433G', 'SV2A', 'XXLT1', 'CADH5', '1433Z', 'A0A075B7D0', 'HLAA', 'HDHD2', 'CHIT1', 'NPY'], ['1433G', 'SIA8C', 'LYAG', 'KDM6A', 'AK1C1', 'TAU', 'GALT6', '1433Z', 'FREM2', 'LV214', 'PAL4A', 'CO7', 'ALDOA', 'LAMC3', 'ANAG']]","['1433B', '1433G', '1433Z', 'A0A075B7D0', 'ABHEA', 'ACBP', 'AGRB1', 'AK1C1', 'ALDOA', 'AMY2B', 'ANAG', 'B3GA3', 'CADH5', 'CADH8', 'CAH10', 'CAH2', 'CATD', 'CATZ', 'CBLN4', 'CEMIP', 'CHIT1', 'CLMP', 'CO6A2', 'CO7', 'COFA1', 'EPHA5', 'FBLN4', 'FCG3A', 'FGL2', 'FREM2', 'FRIL', 'FUCO', 'G6PI', 'GALNS', 'GALT6', 'GDIA', 'HDHD2', 'HLAA', 'HV404', 'IGF2', 'K1C24', 'KDM6A', 'LAMC3', 'LTBP2', 'LTBP4', 'LV214', 'LY96', 'LYAG', 'MARCO', 'MMP2', 'NLGN3', 'NPTX2', 'NPY', 'OLFL3', 'PAL4A', 'PCDGL', 'PCP', 'PGK1', 'PIGR', 'PILRA', 'POTEJ', 'PPIB', 'PPT1', 'PRG4', 'PROS', 'RNAS6', 'SCG2', 'SEPR', 'SIA8C', 'SORL', 'SUN3', 'SV2A', 'TAU', 'TWSG1', 'VGF', 'VWF', 'XXLT1']"
6,16,"[0.3958333333333333, 0.5083333333333333, 0.6916666666666668, 0.5375000000000001, 0.4708333333333333, 0.2375, 0.5125, 0.6791666666666667, 0.45416666666666666, 0.6208333333333333]",0.5108333333333334,0.129075236457915,"(0.38247344691059687, 0.6391932197560699)","(0.25785051857982866, 0.7638161480868381)","(0.17835755690253252, 0.8433091097641342)",0.12835988642273652,0.2529828147535047,0.33247577643080084,"[['TAU', 'LTBP2', 'K1C24', 'NPTX2', 'ACBP', 'GDIA', 'AK1C1', 'FREM2', '1433G', 'VWF', 'PAL4A', 'VGF', 'CLMP', 'CATZ', '1433Z', 'CADH5'], ['TAU', 'RNAS6', 'CBLN4', 'ABHEA', 'B3GA3', 'PPT1', 'PGK1', 'FCG3A', 'PCDGL', '1433G', 'PILRA', 'IGF2', 'AK1C1', 'HDHD2', 'CO6A2', 'ENOA'], ['GDIA', 'LY96', 'COFA1', 'FCG3A', 'TWSG1', 'AK1C1', 'FREM2', '1433G', 'ABHEA', 'NPY', 'TAU', 'PAL4A', 'MMP2', 'CAH10', '1433B', 'POTEJ'], ['1433Z', 'SCG2', 'AK1C1', 'OLFL3', 'CAH2', 'PAL4A', '1433G', 'VWF', 'TAU', 'CLMP', 'SEPR', 'CADH5', '1433B', 'CEMIP', 'CADH8', 'PVR'], ['1433G', 'MARCO', 'SEPR', 'FUCO', 'PIGR', 'GALNS', 'PAL4A', 'AK1C1', 'PGK1', 'MMP2', 'TAU', 'POTEJ', 'GDIA', 'PPIB', '1433B', 'ENPP5'], ['TAU', 'CATD', 'ABHEA', 'CAH2', 'SEPR', '1433G', 'PILRA', 'G6PI', 'SUN3', 'NPY', 'PAL4A', '1433Z', 'LTBP4', 'FREM2', 'MARCO', 'CHIT1'], ['1433G', 'SCG2', 'FBLN4', 'PPT1', 'PAL4A', 'CO7', 'TAU', 'CAH2', '1433Z', 'NLGN3', 'FRIL', 'CADH5', 'EPHA5', 'ACBP', 'HV404', 'SERC'], ['TAU', 'SEPR', 'PROS', 'SORL', 'AK1C1', '1433G', 'AMY2B', 'NPTX2', 'CO7', 'PGK1', 'PRG4', 'PAL4A', 'CLMP', 'AGRB1', 'G6PI', 'METRN'], ['TAU', 'POTEJ', 'FGL2', 'PCP', 'AK1C1', '1433G', 'SV2A', 'XXLT1', 'CADH5', '1433Z', 'A0A075B7D0', 'HLAA', 'HDHD2', 'CHIT1', 'NPY', 'DPP6'], ['1433G', 'SIA8C', 'LYAG', 'KDM6A', 'AK1C1', 'TAU', 'GALT6', '1433Z', 'FREM2', 'LV214', 'PAL4A', 'CO7', 'ALDOA', 'LAMC3', 'ANAG', '1433B']]","['1433B', '1433G', '1433Z', 'A0A075B7D0', 'ABHEA', 'ACBP', 'AGRB1', 'AK1C1', 'ALDOA', 'AMY2B', 'ANAG', 'B3GA3', 'CADH5', 'CADH8', 'CAH10', 'CAH2', 'CATD', 'CATZ', 'CBLN4', 'CEMIP', 'CHIT1', 'CLMP', 'CO6A2', 'CO7', 'COFA1', 'DPP6', 'ENOA', 'ENPP5', 'EPHA5', 'FBLN4', 'FCG3A', 'FGL2', 'FREM2', 'FRIL', 'FUCO', 'G6PI', 'GALNS', 'GALT6', 'GDIA', 'HDHD2', 'HLAA', 'HV404', 'IGF2', 'K1C24', 'KDM6A', 'LAMC3', 'LTBP2', 'LTBP4', 'LV214', 'LY96', 'LYAG', 'MARCO', 'METRN', 'MMP2', 'NLGN3', 'NPTX2', 'NPY', 'OLFL3', 'PAL4A', 'PCDGL', 'PCP', 'PGK1', 'PIGR', 'PILRA', 'POTEJ', 'PPIB', 'PPT1', 'PRG4', 'PROS', 'PVR', 'RNAS6', 'SCG2', 'SEPR', 'SERC', 'SIA8C', 'SORL', 'SUN3', 'SV2A', 'TAU', 'TWSG1', 'VGF', 'VWF', 'XXLT1']"
7,17,"[0.38333333333333336, 0.4333333333333333, 0.5625, 0.55, 0.4833333333333333, 0.25, 0.48750000000000004, 0.6291666666666667, 0.3833333333333333, 0.5958333333333333]",0.4758333333333333,0.11001578169618312,"(0.3664272719480807, 0.5852393947185859)","(0.26020636347779347, 0.6914603031888731)","(0.19245145898746607, 0.7592152076792005)",0.10940606138525258,0.2156269698555398,0.2833818743458672,"[['TAU', 'LTBP2', 'K1C24', 'NPTX2', 'ACBP', 'GDIA', 'AK1C1', 'FREM2', '1433G', 'VWF', 'PAL4A', 'VGF', 'CLMP', 'CATZ', '1433Z', 'CADH5', 'NDKB'], ['TAU', 'RNAS6', 'CBLN4', 'ABHEA', 'B3GA3', 'PPT1', 'PGK1', 'FCG3A', 'PCDGL', '1433G', 'PILRA', 'IGF2', 'AK1C1', 'HDHD2', 'CO6A2', 'ENOA', 'LRP1B'], ['GDIA', 'LY96', 'COFA1', 'FCG3A', 'TWSG1', 'AK1C1', 'FREM2', '1433G', 'ABHEA', 'NPY', 'TAU', 'PAL4A', 'MMP2', 'CAH10', '1433B', 'POTEJ', 'CK087'], ['1433Z', 'SCG2', 'AK1C1', 'OLFL3', 'CAH2', 'PAL4A', '1433G', 'VWF', 'TAU', 'CLMP', 'SEPR', 'CADH5', '1433B', 'CEMIP', 'CADH8', 'PVR', 'PILRA'], ['1433G', 'MARCO', 'SEPR', 'FUCO', 'PIGR', 'GALNS', 'PAL4A', 'AK1C1', 'PGK1', 'MMP2', 'TAU', 'POTEJ', 'GDIA', 'PPIB', '1433B', 'ENPP5', 'CO6A2'], ['TAU', 'CATD', 'ABHEA', 'CAH2', 'SEPR', '1433G', 'PILRA', 'G6PI', 'SUN3', 'NPY', 'PAL4A', '1433Z', 'LTBP4', 'FREM2', 'MARCO', 'CHIT1', 'CSF2R'], ['1433G', 'SCG2', 'FBLN4', 'PPT1', 'PAL4A', 'CO7', 'TAU', 'CAH2', '1433Z', 'NLGN3', 'FRIL', 'CADH5', 'EPHA5', 'ACBP', 'HV404', 'SERC', '1433B'], ['TAU', 'SEPR', 'PROS', 'SORL', 'AK1C1', '1433G', 'AMY2B', 'NPTX2', 'CO7', 'PGK1', 'PRG4', 'PAL4A', 'CLMP', 'AGRB1', 'G6PI', 'METRN', 'HDHD2'], ['TAU', 'POTEJ', 'FGL2', 'PCP', 'AK1C1', '1433G', 'SV2A', 'XXLT1', 'CADH5', '1433Z', 'A0A075B7D0', 'HLAA', 'HDHD2', 'CHIT1', 'NPY', 'DPP6', 'TIMP2'], ['1433G', 'SIA8C', 'LYAG', 'KDM6A', 'AK1C1', 'TAU', 'GALT6', '1433Z', 'FREM2', 'LV214', 'PAL4A', 'CO7', 'ALDOA', 'LAMC3', 'ANAG', '1433B', 'GELS']]","['1433B', '1433G', '1433Z', 'A0A075B7D0', 'ABHEA', 'ACBP', 'AGRB1', 'AK1C1', 'ALDOA', 'AMY2B', 'ANAG', 'B3GA3', 'CADH5', 'CADH8', 'CAH10', 'CAH2', 'CATD', 'CATZ', 'CBLN4', 'CEMIP', 'CHIT1', 'CK087', 'CLMP', 'CO6A2', 'CO7', 'COFA1', 'CSF2R', 'DPP6', 'ENOA', 'ENPP5', 'EPHA5', 'FBLN4', 'FCG3A', 'FGL2', 'FREM2', 'FRIL', 'FUCO', 'G6PI', 'GALNS', 'GALT6', 'GDIA', 'GELS', 'HDHD2', 'HLAA', 'HV404', 'IGF2', 'K1C24', 'KDM6A', 'LAMC3', 'LRP1B', 'LTBP2', 'LTBP4', 'LV214', 'LY96', 'LYAG', 'MARCO', 'METRN', 'MMP2', 'NDKB', 'NLGN3', 'NPTX2', 'NPY', 'OLFL3', 'PAL4A', 'PCDGL', 'PCP', 'PGK1', 'PIGR', 'PILRA', 'POTEJ', 'PPIB', 'PPT1', 'PRG4', 'PROS', 'PVR', 'RNAS6', 'SCG2', 'SEPR', 'SERC', 'SIA8C', 'SORL', 'SUN3', 'SV2A', 'TAU', 'TIMP2', 'TWSG1', 'VGF', 'VWF', 'XXLT1']"
8,18,"[0.3958333333333333, 0.4041666666666667, 0.5291666666666667, 0.5625, 0.35, 0.35, 0.65, 0.5666666666666667, 0.45416666666666666, 0.4833333333333334]",0.47458333333333336,0.0962572147368128,"(0.37885958732249586, 0.5703070793441709)","(0.28592265919704213, 0.6632440074696246)","(0.2266411789362519, 0.7225254877304148)",0.09572374601083752,0.18866067413629126,0.24794215439708145,"[['TAU', 'LTBP2', 'K1C24', 'NPTX2', 'ACBP', 'GDIA', 'AK1C1', 'FREM2', '1433G', 'VWF', 'PAL4A', 'VGF', 'CLMP', 'CATZ', '1433Z', 'CADH5', 'NDKB', 'SMS'], ['TAU', 'RNAS6', 'CBLN4', 'ABHEA', 'B3GA3', 'PPT1', 'PGK1', 'FCG3A', 'PCDGL', '1433G', 'PILRA', 'IGF2', 'AK1C1', 'HDHD2', 'CO6A2', 'ENOA', 'LRP1B', 'PAL4A'], ['GDIA', 'LY96', 'COFA1', 'FCG3A', 'TWSG1', 'AK1C1', 'FREM2', '1433G', 'ABHEA', 'NPY', 'TAU', 'PAL4A', 'MMP2', 'CAH10', '1433B', 'POTEJ', 'CK087', 'PIGR'], ['1433Z', 'SCG2', 'AK1C1', 'OLFL3', 'CAH2', 'PAL4A', '1433G', 'VWF', 'TAU', 'CLMP', 'SEPR', 'CADH5', '1433B', 'CEMIP', 'CADH8', 'PVR', 'PILRA', 'AMY2B'], ['1433G', 'MARCO', 'SEPR', 'FUCO', 'PIGR', 'GALNS', 'PAL4A', 'AK1C1', 'PGK1', 'MMP2', 'TAU', 'POTEJ', 'GDIA', 'PPIB', '1433B', 'ENPP5', 'CO6A2', 'GMFB'], ['TAU', 'CATD', 'ABHEA', 'CAH2', 'SEPR', '1433G', 'PILRA', 'G6PI', 'SUN3', 'NPY', 'PAL4A', '1433Z', 'LTBP4', 'FREM2', 'MARCO', 'CHIT1', 'CSF2R', 'CADH5'], ['1433G', 'SCG2', 'FBLN4', 'PPT1', 'PAL4A', 'CO7', 'TAU', 'CAH2', '1433Z', 'NLGN3', 'FRIL', 'CADH5', 'EPHA5', 'ACBP', 'HV404', 'SERC', '1433B', 'CHLE'], ['TAU', 'SEPR', 'PROS', 'SORL', 'AK1C1', '1433G', 'AMY2B', 'NPTX2', 'CO7', 'PGK1', 'PRG4', 'PAL4A', 'CLMP', 'AGRB1', 'G6PI', 'METRN', 'HDHD2', 'G37L1'], ['TAU', 'POTEJ', 'FGL2', 'PCP', 'AK1C1', '1433G', 'SV2A', 'XXLT1', 'CADH5', '1433Z', 'A0A075B7D0', 'HLAA', 'HDHD2', 'CHIT1', 'NPY', 'DPP6', 'TIMP2', 'GDIA'], ['1433G', 'SIA8C', 'LYAG', 'KDM6A', 'AK1C1', 'TAU', 'GALT6', '1433Z', 'FREM2', 'LV214', 'PAL4A', 'CO7', 'ALDOA', 'LAMC3', 'ANAG', '1433B', 'GELS', 'UB2V2']]","['1433B', '1433G', '1433Z', 'A0A075B7D0', 'ABHEA', 'ACBP', 'AGRB1', 'AK1C1', 'ALDOA', 'AMY2B', 'ANAG', 'B3GA3', 'CADH5', 'CADH8', 'CAH10', 'CAH2', 'CATD', 'CATZ', 'CBLN4', 'CEMIP', 'CHIT1', 'CHLE', 'CK087', 'CLMP', 'CO6A2', 'CO7', 'COFA1', 'CSF2R', 'DPP6', 'ENOA', 'ENPP5', 'EPHA5', 'FBLN4', 'FCG3A', 'FGL2', 'FREM2', 'FRIL', 'FUCO', 'G37L1', 'G6PI', 'GALNS', 'GALT6', 'GDIA', 'GELS', 'GMFB', 'HDHD2', 'HLAA', 'HV404', 'IGF2', 'K1C24', 'KDM6A', 'LAMC3', 'LRP1B', 'LTBP2', 'LTBP4', 'LV214', 'LY96', 'LYAG', 'MARCO', 'METRN', 'MMP2', 'NDKB', 'NLGN3', 'NPTX2', 'NPY', 'OLFL3', 'PAL4A', 'PCDGL', 'PCP', 'PGK1', 'PIGR', 'PILRA', 'POTEJ', 'PPIB', 'PPT1', 'PRG4', 'PROS', 'PVR', 'RNAS6', 'SCG2', 'SEPR', 'SERC', 'SIA8C', 'SMS', 'SORL', 'SUN3', 'SV2A', 'TAU', 'TIMP2', 'TWSG1', 'UB2V2', 'VGF', 'VWF', 'XXLT1']"
9,19,"[0.4083333333333333, 0.41666666666666663, 0.5416666666666667, 0.5625, 0.35, 0.3125, 0.48750000000000004, 0.6041666666666666, 0.43749999999999994, 0.5708333333333334]",0.46916666666666673,0.09437660962571419,"(0.37531310323376577, 0.5630202300995677)","(0.28419191081727074, 0.6541414225160627)","(0.2260686300231569, 0.7122647033101766)",0.09385356343290097,0.18497475584939596,0.24309803664350982,"[['TAU', 'LTBP2', 'K1C24', 'NPTX2', 'ACBP', 'GDIA', 'AK1C1', 'FREM2', '1433G', 'VWF', 'PAL4A', 'VGF', 'CLMP', 'CATZ', '1433Z', 'CADH5', 'NDKB', 'SMS', 'PPT1'], ['TAU', 'RNAS6', 'CBLN4', 'ABHEA', 'B3GA3', 'PPT1', 'PGK1', 'FCG3A', 'PCDGL', '1433G', 'PILRA', 'IGF2', 'AK1C1', 'HDHD2', 'CO6A2', 'ENOA', 'LRP1B', 'PAL4A', 'CH3L1'], ['GDIA', 'LY96', 'COFA1', 'FCG3A', 'TWSG1', 'AK1C1', 'FREM2', '1433G', 'ABHEA', 'NPY', 'TAU', 'PAL4A', 'MMP2', 'CAH10', '1433B', 'POTEJ', 'CK087', 'PIGR', 'SERC'], ['1433Z', 'SCG2', 'AK1C1', 'OLFL3', 'CAH2', 'PAL4A', '1433G', 'VWF', 'TAU', 'CLMP', 'SEPR', 'CADH5', '1433B', 'CEMIP', 'CADH8', 'PVR', 'PILRA', 'AMY2B', '1433T'], ['1433G', 'MARCO', 'SEPR', 'FUCO', 'PIGR', 'GALNS', 'PAL4A', 'AK1C1', 'PGK1', 'MMP2', 'TAU', 'POTEJ', 'GDIA', 'PPIB', '1433B', 'ENPP5', 'CO6A2', 'GMFB', '1433Z'], ['TAU', 'CATD', 'ABHEA', 'CAH2', 'SEPR', '1433G', 'PILRA', 'G6PI', 'SUN3', 'NPY', 'PAL4A', '1433Z', 'LTBP4', 'FREM2', 'MARCO', 'CHIT1', 'CSF2R', 'CADH5', 'GUAD'], ['1433G', 'SCG2', 'FBLN4', 'PPT1', 'PAL4A', 'CO7', 'TAU', 'CAH2', '1433Z', 'NLGN3', 'FRIL', 'CADH5', 'EPHA5', 'ACBP', 'HV404', 'SERC', '1433B', 'CHLE', 'DPP6'], ['TAU', 'SEPR', 'PROS', 'SORL', 'AK1C1', '1433G', 'AMY2B', 'NPTX2', 'CO7', 'PGK1', 'PRG4', 'PAL4A', 'CLMP', 'AGRB1', 'G6PI', 'METRN', 'HDHD2', 'G37L1', 'LAMC3'], ['TAU', 'POTEJ', 'FGL2', 'PCP', 'AK1C1', '1433G', 'SV2A', 'XXLT1', 'CADH5', '1433Z', 'A0A075B7D0', 'HLAA', 'HDHD2', 'CHIT1', 'NPY', 'DPP6', 'TIMP2', 'GDIA', '1433B'], ['1433G', 'SIA8C', 'LYAG', 'KDM6A', 'AK1C1', 'TAU', 'GALT6', '1433Z', 'FREM2', 'LV214', 'PAL4A', 'CO7', 'ALDOA', 'LAMC3', 'ANAG', '1433B', 'GELS', 'UB2V2', 'CHLE']]","['1433B', '1433G', '1433T', '1433Z', 'A0A075B7D0', 'ABHEA', 'ACBP', 'AGRB1', 'AK1C1', 'ALDOA', 'AMY2B', 'ANAG', 'B3GA3', 'CADH5', 'CADH8', 'CAH10', 'CAH2', 'CATD', 'CATZ', 'CBLN4', 'CEMIP', 'CH3L1', 'CHIT1', 'CHLE', 'CK087', 'CLMP', 'CO6A2', 'CO7', 'COFA1', 'CSF2R', 'DPP6', 'ENOA', 'ENPP5', 'EPHA5', 'FBLN4', 'FCG3A', 'FGL2', 'FREM2', 'FRIL', 'FUCO', 'G37L1', 'G6PI', 'GALNS', 'GALT6', 'GDIA', 'GELS', 'GMFB', 'GUAD', 'HDHD2', 'HLAA', 'HV404', 'IGF2', 'K1C24', 'KDM6A', 'LAMC3', 'LRP1B', 'LTBP2', 'LTBP4', 'LV214', 'LY96', 'LYAG', 'MARCO', 'METRN', 'MMP2', 'NDKB', 'NLGN3', 'NPTX2', 'NPY', 'OLFL3', 'PAL4A', 'PCDGL', 'PCP', 'PGK1', 'PIGR', 'PILRA', 'POTEJ', 'PPIB', 'PPT1', 'PRG4', 'PROS', 'PVR', 'RNAS6', 'SCG2', 'SEPR', 'SERC', 'SIA8C', 'SMS', 'SORL', 'SUN3', 'SV2A', 'TAU', 'TIMP2', 'TWSG1', 'UB2V2', 'VGF', 'VWF', 'XXLT1']"
10,20,"[0.4083333333333333, 0.5083333333333333, 0.5416666666666667, 0.475, 0.4541666666666666, 0.325, 0.6, 0.5416666666666667, 0.4916666666666666, 0.5833333333333333]",0.49291666666666656,0.07861761359050952,"(0.41473476107244617, 0.571098572260887)","(0.3388289754787812, 0.6470043578545519)","(0.29041111380514784, 0.6954222195281853)",0.07818190559422042,0.15408769118788535,0.20250555286151872,"[['TAU', 'LTBP2', 'K1C24', 'NPTX2', 'ACBP', 'GDIA', 'AK1C1', 'FREM2', '1433G', 'VWF', 'PAL4A', 'VGF', 'CLMP', 'CATZ', '1433Z', 'CADH5', 'NDKB', 'SMS', 'PPT1', 'PGK1'], ['TAU', 'RNAS6', 'CBLN4', 'ABHEA', 'B3GA3', 'PPT1', 'PGK1', 'FCG3A', 'PCDGL', '1433G', 'PILRA', 'IGF2', 'AK1C1', 'HDHD2', 'CO6A2', 'ENOA', 'LRP1B', 'PAL4A', 'CH3L1', 'CO7'], ['GDIA', 'LY96', 'COFA1', 'FCG3A', 'TWSG1', 'AK1C1', 'FREM2', '1433G', 'ABHEA', 'NPY', 'TAU', 'PAL4A', 'MMP2', 'CAH10', '1433B', 'POTEJ', 'CK087', 'PIGR', 'SERC', 'GELS'], ['1433Z', 'SCG2', 'AK1C1', 'OLFL3', 'CAH2', 'PAL4A', '1433G', 'VWF', 'TAU', 'CLMP', 'SEPR', 'CADH5', '1433B', 'CEMIP', 'CADH8', 'PVR', 'PILRA', 'AMY2B', '1433T', 'AGRB1'], ['1433G', 'MARCO', 'SEPR', 'FUCO', 'PIGR', 'GALNS', 'PAL4A', 'AK1C1', 'PGK1', 'MMP2', 'TAU', 'POTEJ', 'GDIA', 'PPIB', '1433B', 'ENPP5', 'CO6A2', 'GMFB', '1433Z', 'ERAP2'], ['TAU', 'CATD', 'ABHEA', 'CAH2', 'SEPR', '1433G', 'PILRA', 'G6PI', 'SUN3', 'NPY', 'PAL4A', '1433Z', 'LTBP4', 'FREM2', 'MARCO', 'CHIT1', 'CSF2R', 'CADH5', 'GUAD', 'OMD'], ['1433G', 'SCG2', 'FBLN4', 'PPT1', 'PAL4A', 'CO7', 'TAU', 'CAH2', '1433Z', 'NLGN3', 'FRIL', 'CADH5', 'EPHA5', 'ACBP', 'HV404', 'SERC', '1433B', 'CHLE', 'DPP6', 'AK1C1'], ['TAU', 'SEPR', 'PROS', 'SORL', 'AK1C1', '1433G', 'AMY2B', 'NPTX2', 'CO7', 'PGK1', 'PRG4', 'PAL4A', 'CLMP', 'AGRB1', 'G6PI', 'METRN', 'HDHD2', 'G37L1', 'LAMC3', '1433Z'], ['TAU', 'POTEJ', 'FGL2', 'PCP', 'AK1C1', '1433G', 'SV2A', 'XXLT1', 'CADH5', '1433Z', 'A0A075B7D0', 'HLAA', 'HDHD2', 'CHIT1', 'NPY', 'DPP6', 'TIMP2', 'GDIA', '1433B', 'PPT1'], ['1433G', 'SIA8C', 'LYAG', 'KDM6A', 'AK1C1', 'TAU', 'GALT6', '1433Z', 'FREM2', 'LV214', 'PAL4A', 'CO7', 'ALDOA', 'LAMC3', 'ANAG', '1433B', 'GELS', 'UB2V2', 'CHLE', 'CADH5']]","['1433B', '1433G', '1433T', '1433Z', 'A0A075B7D0', 'ABHEA', 'ACBP', 'AGRB1', 'AK1C1', 'ALDOA', 'AMY2B', 'ANAG', 'B3GA3', 'CADH5', 'CADH8', 'CAH10', 'CAH2', 'CATD', 'CATZ', 'CBLN4', 'CEMIP', 'CH3L1', 'CHIT1', 'CHLE', 'CK087', 'CLMP', 'CO6A2', 'CO7', 'COFA1', 'CSF2R', 'DPP6', 'ENOA', 'ENPP5', 'EPHA5', 'ERAP2', 'FBLN4', 'FCG3A', 'FGL2', 'FREM2', 'FRIL', 'FUCO', 'G37L1', 'G6PI', 'GALNS', 'GALT6', 'GDIA', 'GELS', 'GMFB', 'GUAD', 'HDHD2', 'HLAA', 'HV404', 'IGF2', 'K1C24', 'KDM6A', 'LAMC3', 'LRP1B', 'LTBP2', 'LTBP4', 'LV214', 'LY96', 'LYAG', 'MARCO', 'METRN', 'MMP2', 'NDKB', 'NLGN3', 'NPTX2', 'NPY', 'OLFL3', 'OMD', 'PAL4A', 'PCDGL', 'PCP', 'PGK1', 'PIGR', 'PILRA', 'POTEJ', 'PPIB', 'PPT1', 'PRG4', 'PROS', 'PVR', 'RNAS6', 'SCG2', 'SEPR', 'SERC', 'SIA8C', 'SMS', 'SORL', 'SUN3', 'SV2A', 'TAU', 'TIMP2', 'TWSG1', 'UB2V2', 'VGF', 'VWF', 'XXLT1']"
11,21,"[0.4083333333333333, 0.4458333333333333, 0.5416666666666666, 0.625, 0.3625, 0.325, 0.575, 0.5833333333333333, 0.4291666666666667, 0.5958333333333333]",0.4891666666666666,0.1018952348684122,"(0.38783614709026476, 0.5904971862430685)","(0.2894556761283288, 0.6888776572050044)","(0.22670193480061274, 0.7516313985327204)",0.10133051957640185,0.1997109905383378,0.26246473186605385,"[['TAU', 'LTBP2', 'K1C24', 'NPTX2', 'ACBP', 'GDIA', 'AK1C1', 'FREM2', '1433G', 'VWF', 'PAL4A', 'VGF', 'CLMP', 'CATZ', '1433Z', 'CADH5', 'NDKB', 'SMS', 'PPT1', 'PGK1', 'MMP2'], ['TAU', 'RNAS6', 'CBLN4', 'ABHEA', 'B3GA3', 'PPT1', 'PGK1', 'FCG3A', 'PCDGL', '1433G', 'PILRA', 'IGF2', 'AK1C1', 'HDHD2', 'CO6A2', 'ENOA', 'LRP1B', 'PAL4A', 'CH3L1', 'CO7', '1433Z'], ['GDIA', 'LY96', 'COFA1', 'FCG3A', 'TWSG1', 'AK1C1', 'FREM2', '1433G', 'ABHEA', 'NPY', 'TAU', 'PAL4A', 'MMP2', 'CAH10', '1433B', 'POTEJ', 'CK087', 'PIGR', 'SERC', 'GELS', 'PGK2'], ['1433Z', 'SCG2', 'AK1C1', 'OLFL3', 'CAH2', 'PAL4A', '1433G', 'VWF', 'TAU', 'CLMP', 'SEPR', 'CADH5', '1433B', 'CEMIP', 'CADH8', 'PVR', 'PILRA', 'AMY2B', '1433T', 'AGRB1', 'ACBP'], ['1433G', 'MARCO', 'SEPR', 'FUCO', 'PIGR', 'GALNS', 'PAL4A', 'AK1C1', 'PGK1', 'MMP2', 'TAU', 'POTEJ', 'GDIA', 'PPIB', '1433B', 'ENPP5', 'CO6A2', 'GMFB', '1433Z', 'ERAP2', 'AGRB1'], ['TAU', 'CATD', 'ABHEA', 'CAH2', 'SEPR', '1433G', 'PILRA', 'G6PI', 'SUN3', 'NPY', 'PAL4A', '1433Z', 'LTBP4', 'FREM2', 'MARCO', 'CHIT1', 'CSF2R', 'CADH5', 'GUAD', 'OMD', '1433B'], ['1433G', 'SCG2', 'FBLN4', 'PPT1', 'PAL4A', 'CO7', 'TAU', 'CAH2', '1433Z', 'NLGN3', 'FRIL', 'CADH5', 'EPHA5', 'ACBP', 'HV404', 'SERC', '1433B', 'CHLE', 'DPP6', 'AK1C1', 'MMP2'], ['TAU', 'SEPR', 'PROS', 'SORL', 'AK1C1', '1433G', 'AMY2B', 'NPTX2', 'CO7', 'PGK1', 'PRG4', 'PAL4A', 'CLMP', 'AGRB1', 'G6PI', 'METRN', 'HDHD2', 'G37L1', 'LAMC3', '1433Z', 'PPT1'], ['TAU', 'POTEJ', 'FGL2', 'PCP', 'AK1C1', '1433G', 'SV2A', 'XXLT1', 'CADH5', '1433Z', 'A0A075B7D0', 'HLAA', 'HDHD2', 'CHIT1', 'NPY', 'DPP6', 'TIMP2', 'GDIA', '1433B', 'PPT1', 'GUAD'], ['1433G', 'SIA8C', 'LYAG', 'KDM6A', 'AK1C1', 'TAU', 'GALT6', '1433Z', 'FREM2', 'LV214', 'PAL4A', 'CO7', 'ALDOA', 'LAMC3', 'ANAG', '1433B', 'GELS', 'UB2V2', 'CHLE', 'CADH5', 'HLAA']]","['1433B', '1433G', '1433T', '1433Z', 'A0A075B7D0', 'ABHEA', 'ACBP', 'AGRB1', 'AK1C1', 'ALDOA', 'AMY2B', 'ANAG', 'B3GA3', 'CADH5', 'CADH8', 'CAH10', 'CAH2', 'CATD', 'CATZ', 'CBLN4', 'CEMIP', 'CH3L1', 'CHIT1', 'CHLE', 'CK087', 'CLMP', 'CO6A2', 'CO7', 'COFA1', 'CSF2R', 'DPP6', 'ENOA', 'ENPP5', 'EPHA5', 'ERAP2', 'FBLN4', 'FCG3A', 'FGL2', 'FREM2', 'FRIL', 'FUCO', 'G37L1', 'G6PI', 'GALNS', 'GALT6', 'GDIA', 'GELS', 'GMFB', 'GUAD', 'HDHD2', 'HLAA', 'HV404', 'IGF2', 'K1C24', 'KDM6A', 'LAMC3', 'LRP1B', 'LTBP2', 'LTBP4', 'LV214', 'LY96', 'LYAG', 'MARCO', 'METRN', 'MMP2', 'NDKB', 'NLGN3', 'NPTX2', 'NPY', 'OLFL3', 'OMD', 'PAL4A', 'PCDGL', 'PCP', 'PGK1', 'PGK2', 'PIGR', 'PILRA', 'POTEJ', 'PPIB', 'PPT1', 'PRG4', 'PROS', 'PVR', 'RNAS6', 'SCG2', 'SEPR', 'SERC', 'SIA8C', 'SMS', 'SORL', 'SUN3', 'SV2A', 'TAU', 'TIMP2', 'TWSG1', 'UB2V2', 'VGF', 'VWF', 'XXLT1']"
12,22,"[0.4583333333333333, 0.41666666666666663, 0.55, 0.4875, 0.5583333333333333, 0.3125, 0.55, 0.6083333333333334, 0.37916666666666665, 0.6083333333333333]",0.4929166666666667,0.09485094300474241,"(0.3985913986657217, 0.5872419346676119)","(0.3070122344777102, 0.6788210988556233)","(0.24859682820580464, 0.7372365051275288)",0.0943252680009451,0.18590443218895653,0.24431983846086208,"[['TAU', 'LTBP2', 'K1C24', 'NPTX2', 'ACBP', 'GDIA', 'AK1C1', 'FREM2', '1433G', 'VWF', 'PAL4A', 'VGF', 'CLMP', 'CATZ', '1433Z', 'CADH5', 'NDKB', 'SMS', 'PPT1', 'PGK1', 'MMP2', 'SUMO4'], ['TAU', 'RNAS6', 'CBLN4', 'ABHEA', 'B3GA3', 'PPT1', 'PGK1', 'FCG3A', 'PCDGL', '1433G', 'PILRA', 'IGF2', 'AK1C1', 'HDHD2', 'CO6A2', 'ENOA', 'LRP1B', 'PAL4A', 'CH3L1', 'CO7', '1433Z', 'AMY2B'], ['GDIA', 'LY96', 'COFA1', 'FCG3A', 'TWSG1', 'AK1C1', 'FREM2', '1433G', 'ABHEA', 'NPY', 'TAU', 'PAL4A', 'MMP2', 'CAH10', '1433B', 'POTEJ', 'CK087', 'PIGR', 'SERC', 'GELS', 'PGK2', 'GUAD'], ['1433Z', 'SCG2', 'AK1C1', 'OLFL3', 'CAH2', 'PAL4A', '1433G', 'VWF', 'TAU', 'CLMP', 'SEPR', 'CADH5', '1433B', 'CEMIP', 'CADH8', 'PVR', 'PILRA', 'AMY2B', '1433T', 'AGRB1', 'ACBP', 'COIA1'], ['1433G', 'MARCO', 'SEPR', 'FUCO', 'PIGR', 'GALNS', 'PAL4A', 'AK1C1', 'PGK1', 'MMP2', 'TAU', 'POTEJ', 'GDIA', 'PPIB', '1433B', 'ENPP5', 'CO6A2', 'GMFB', '1433Z', 'ERAP2', 'AGRB1', 'CHLE'], ['TAU', 'CATD', 'ABHEA', 'CAH2', 'SEPR', '1433G', 'PILRA', 'G6PI', 'SUN3', 'NPY', 'PAL4A', '1433Z', 'LTBP4', 'FREM2', 'MARCO', 'CHIT1', 'CSF2R', 'CADH5', 'GUAD', 'OMD', '1433B', 'NAGAB'], ['1433G', 'SCG2', 'FBLN4', 'PPT1', 'PAL4A', 'CO7', 'TAU', 'CAH2', '1433Z', 'NLGN3', 'FRIL', 'CADH5', 'EPHA5', 'ACBP', 'HV404', 'SERC', '1433B', 'CHLE', 'DPP6', 'AK1C1', 'MMP2', 'NDKB'], ['TAU', 'SEPR', 'PROS', 'SORL', 'AK1C1', '1433G', 'AMY2B', 'NPTX2', 'CO7', 'PGK1', 'PRG4', 'PAL4A', 'CLMP', 'AGRB1', 'G6PI', 'METRN', 'HDHD2', 'G37L1', 'LAMC3', '1433Z', 'PPT1', 'FREM2'], ['TAU', 'POTEJ', 'FGL2', 'PCP', 'AK1C1', '1433G', 'SV2A', 'XXLT1', 'CADH5', '1433Z', 'A0A075B7D0', 'HLAA', 'HDHD2', 'CHIT1', 'NPY', 'DPP6', 'TIMP2', 'GDIA', '1433B', 'PPT1', 'GUAD', 'CAH2'], ['1433G', 'SIA8C', 'LYAG', 'KDM6A', 'AK1C1', 'TAU', 'GALT6', '1433Z', 'FREM2', 'LV214', 'PAL4A', 'CO7', 'ALDOA', 'LAMC3', 'ANAG', '1433B', 'GELS', 'UB2V2', 'CHLE', 'CADH5', 'HLAA', 'PGK2']]","['1433B', '1433G', '1433T', '1433Z', 'A0A075B7D0', 'ABHEA', 'ACBP', 'AGRB1', 'AK1C1', 'ALDOA', 'AMY2B', 'ANAG', 'B3GA3', 'CADH5', 'CADH8', 'CAH10', 'CAH2', 'CATD', 'CATZ', 'CBLN4', 'CEMIP', 'CH3L1', 'CHIT1', 'CHLE', 'CK087', 'CLMP', 'CO6A2', 'CO7', 'COFA1', 'COIA1', 'CSF2R', 'DPP6', 'ENOA', 'ENPP5', 'EPHA5', 'ERAP2', 'FBLN4', 'FCG3A', 'FGL2', 'FREM2', 'FRIL', 'FUCO', 'G37L1', 'G6PI', 'GALNS', 'GALT6', 'GDIA', 'GELS', 'GMFB', 'GUAD', 'HDHD2', 'HLAA', 'HV404', 'IGF2', 'K1C24', 'KDM6A', 'LAMC3', 'LRP1B', 'LTBP2', 'LTBP4', 'LV214', 'LY96', 'LYAG', 'MARCO', 'METRN', 'MMP2', 'NAGAB', 'NDKB', 'NLGN3', 'NPTX2', 'NPY', 'OLFL3', 'OMD', 'PAL4A', 'PCDGL', 'PCP', 'PGK1', 'PGK2', 'PIGR', 'PILRA', 'POTEJ', 'PPIB', 'PPT1', 'PRG4', 'PROS', 'PVR', 'RNAS6', 'SCG2', 'SEPR', 'SERC', 'SIA8C', 'SMS', 'SORL', 'SUMO4', 'SUN3', 'SV2A', 'TAU', 'TIMP2', 'TWSG1', 'UB2V2', 'VGF', 'VWF', 'XXLT1']"
13,23,"[0.4583333333333333, 0.41666666666666663, 0.5291666666666667, 0.5125, 0.49583333333333335, 0.325, 0.525, 0.6333333333333333, 0.4541666666666667, 0.5833333333333333]",0.4933333333333333,0.08205689083394113,"(0.41173121137183843, 0.5749354552948283)","(0.3325047826154738, 0.6541618840511928)","(0.28196878936515457, 0.704697877301512)",0.08160212196149491,0.1608285507178595,0.21136454396817872,"[['TAU', 'LTBP2', 'K1C24', 'NPTX2', 'ACBP', 'GDIA', 'AK1C1', 'FREM2', '1433G', 'VWF', 'PAL4A', 'VGF', 'CLMP', 'CATZ', '1433Z', 'CADH5', 'NDKB', 'SMS', 'PPT1', 'PGK1', 'MMP2', 'SUMO4', 'POTEJ'], ['TAU', 'RNAS6', 'CBLN4', 'ABHEA', 'B3GA3', 'PPT1', 'PGK1', 'FCG3A', 'PCDGL', '1433G', 'PILRA', 'IGF2', 'AK1C1', 'HDHD2', 'CO6A2', 'ENOA', 'LRP1B', 'PAL4A', 'CH3L1', 'CO7', '1433Z', 'AMY2B', 'FREM2'], ['GDIA', 'LY96', 'COFA1', 'FCG3A', 'TWSG1', 'AK1C1', 'FREM2', '1433G', 'ABHEA', 'NPY', 'TAU', 'PAL4A', 'MMP2', 'CAH10', '1433B', 'POTEJ', 'CK087', 'PIGR', 'SERC', 'GELS', 'PGK2', 'GUAD', '1433T'], ['1433Z', 'SCG2', 'AK1C1', 'OLFL3', 'CAH2', 'PAL4A', '1433G', 'VWF', 'TAU', 'CLMP', 'SEPR', 'CADH5', '1433B', 'CEMIP', 'CADH8', 'PVR', 'PILRA', 'AMY2B', '1433T', 'AGRB1', 'ACBP', 'COIA1', 'FCG3A'], ['1433G', 'MARCO', 'SEPR', 'FUCO', 'PIGR', 'GALNS', 'PAL4A', 'AK1C1', 'PGK1', 'MMP2', 'TAU', 'POTEJ', 'GDIA', 'PPIB', '1433B', 'ENPP5', 'CO6A2', 'GMFB', '1433Z', 'ERAP2', 'AGRB1', 'CHLE', 'HDHD2'], ['TAU', 'CATD', 'ABHEA', 'CAH2', 'SEPR', '1433G', 'PILRA', 'G6PI', 'SUN3', 'NPY', 'PAL4A', '1433Z', 'LTBP4', 'FREM2', 'MARCO', 'CHIT1', 'CSF2R', 'CADH5', 'GUAD', 'OMD', '1433B', 'NAGAB', 'FRIL'], ['1433G', 'SCG2', 'FBLN4', 'PPT1', 'PAL4A', 'CO7', 'TAU', 'CAH2', '1433Z', 'NLGN3', 'FRIL', 'CADH5', 'EPHA5', 'ACBP', 'HV404', 'SERC', '1433B', 'CHLE', 'DPP6', 'AK1C1', 'MMP2', 'NDKB', 'FREM2'], ['TAU', 'SEPR', 'PROS', 'SORL', 'AK1C1', '1433G', 'AMY2B', 'NPTX2', 'CO7', 'PGK1', 'PRG4', 'PAL4A', 'CLMP', 'AGRB1', 'G6PI', 'METRN', 'HDHD2', 'G37L1', 'LAMC3', '1433Z', 'PPT1', 'FREM2', 'CH3L1'], ['TAU', 'POTEJ', 'FGL2', 'PCP', 'AK1C1', '1433G', 'SV2A', 'XXLT1', 'CADH5', '1433Z', 'A0A075B7D0', 'HLAA', 'HDHD2', 'CHIT1', 'NPY', 'DPP6', 'TIMP2', 'GDIA', '1433B', 'PPT1', 'GUAD', 'CAH2', 'ASM3B'], ['1433G', 'SIA8C', 'LYAG', 'KDM6A', 'AK1C1', 'TAU', 'GALT6', '1433Z', 'FREM2', 'LV214', 'PAL4A', 'CO7', 'ALDOA', 'LAMC3', 'ANAG', '1433B', 'GELS', 'UB2V2', 'CHLE', 'CADH5', 'HLAA', 'PGK2', 'NAGAB']]","['1433B', '1433G', '1433T', '1433Z', 'A0A075B7D0', 'ABHEA', 'ACBP', 'AGRB1', 'AK1C1', 'ALDOA', 'AMY2B', 'ANAG', 'ASM3B', 'B3GA3', 'CADH5', 'CADH8', 'CAH10', 'CAH2', 'CATD', 'CATZ', 'CBLN4', 'CEMIP', 'CH3L1', 'CHIT1', 'CHLE', 'CK087', 'CLMP', 'CO6A2', 'CO7', 'COFA1', 'COIA1', 'CSF2R', 'DPP6', 'ENOA', 'ENPP5', 'EPHA5', 'ERAP2', 'FBLN4', 'FCG3A', 'FGL2', 'FREM2', 'FRIL', 'FUCO', 'G37L1', 'G6PI', 'GALNS', 'GALT6', 'GDIA', 'GELS', 'GMFB', 'GUAD', 'HDHD2', 'HLAA', 'HV404', 'IGF2', 'K1C24', 'KDM6A', 'LAMC3', 'LRP1B', 'LTBP2', 'LTBP4', 'LV214', 'LY96', 'LYAG', 'MARCO', 'METRN', 'MMP2', 'NAGAB', 'NDKB', 'NLGN3', 'NPTX2', 'NPY', 'OLFL3', 'OMD', 'PAL4A', 'PCDGL', 'PCP', 'PGK1', 'PGK2', 'PIGR', 'PILRA', 'POTEJ', 'PPIB', 'PPT1', 'PRG4', 'PROS', 'PVR', 'RNAS6', 'SCG2', 'SEPR', 'SERC', 'SIA8C', 'SMS', 'SORL', 'SUMO4', 'SUN3', 'SV2A', 'TAU', 'TIMP2', 'TWSG1', 'UB2V2', 'VGF', 'VWF', 'XXLT1']"
14,24,"[0.4583333333333333, 0.4708333333333333, 0.5291666666666667, 0.46249999999999997, 0.49583333333333335, 0.41666666666666663, 0.6625, 0.6083333333333334, 0.4416666666666666, 0.5708333333333333]",0.5116666666666667,0.0755029432833214,"(0.43658216951302886, 0.5867511638203046)","(0.3636836171045864, 0.659649716228747)","(0.3171839728532968, 0.7061493604800366)",0.07508449715363785,0.1479830495620803,0.1944826938133699,"[['TAU', 'LTBP2', 'K1C24', 'NPTX2', 'ACBP', 'GDIA', 'AK1C1', 'FREM2', '1433G', 'VWF', 'PAL4A', 'VGF', 'CLMP', 'CATZ', '1433Z', 'CADH5', 'NDKB', 'SMS', 'PPT1', 'PGK1', 'MMP2', 'SUMO4', 'POTEJ', 'GFRA2'], ['TAU', 'RNAS6', 'CBLN4', 'ABHEA', 'B3GA3', 'PPT1', 'PGK1', 'FCG3A', 'PCDGL', '1433G', 'PILRA', 'IGF2', 'AK1C1', 'HDHD2', 'CO6A2', 'ENOA', 'LRP1B', 'PAL4A', 'CH3L1', 'CO7', '1433Z', 'AMY2B', 'FREM2', 'ADA28'], ['GDIA', 'LY96', 'COFA1', 'FCG3A', 'TWSG1', 'AK1C1', 'FREM2', '1433G', 'ABHEA', 'NPY', 'TAU', 'PAL4A', 'MMP2', 'CAH10', '1433B', 'POTEJ', 'CK087', 'PIGR', 'SERC', 'GELS', 'PGK2', 'GUAD', '1433T', 'C1QC'], ['1433Z', 'SCG2', 'AK1C1', 'OLFL3', 'CAH2', 'PAL4A', '1433G', 'VWF', 'TAU', 'CLMP', 'SEPR', 'CADH5', '1433B', 'CEMIP', 'CADH8', 'PVR', 'PILRA', 'AMY2B', '1433T', 'AGRB1', 'ACBP', 'COIA1', 'FCG3A', 'MA1C1'], ['1433G', 'MARCO', 'SEPR', 'FUCO', 'PIGR', 'GALNS', 'PAL4A', 'AK1C1', 'PGK1', 'MMP2', 'TAU', 'POTEJ', 'GDIA', 'PPIB', '1433B', 'ENPP5', 'CO6A2', 'GMFB', '1433Z', 'ERAP2', 'AGRB1', 'CHLE', 'HDHD2', 'CEMIP'], ['TAU', 'CATD', 'ABHEA', 'CAH2', 'SEPR', '1433G', 'PILRA', 'G6PI', 'SUN3', 'NPY', 'PAL4A', '1433Z', 'LTBP4', 'FREM2', 'MARCO', 'CHIT1', 'CSF2R', 'CADH5', 'GUAD', 'OMD', '1433B', 'NAGAB', 'FRIL', 'SUMO4'], ['1433G', 'SCG2', 'FBLN4', 'PPT1', 'PAL4A', 'CO7', 'TAU', 'CAH2', '1433Z', 'NLGN3', 'FRIL', 'CADH5', 'EPHA5', 'ACBP', 'HV404', 'SERC', '1433B', 'CHLE', 'DPP6', 'AK1C1', 'MMP2', 'NDKB', 'FREM2', 'SMS'], ['TAU', 'SEPR', 'PROS', 'SORL', 'AK1C1', '1433G', 'AMY2B', 'NPTX2', 'CO7', 'PGK1', 'PRG4', 'PAL4A', 'CLMP', 'AGRB1', 'G6PI', 'METRN', 'HDHD2', 'G37L1', 'LAMC3', '1433Z', 'PPT1', 'FREM2', 'CH3L1', 'GDIB'], ['TAU', 'POTEJ', 'FGL2', 'PCP', 'AK1C1', '1433G', 'SV2A', 'XXLT1', 'CADH5', '1433Z', 'A0A075B7D0', 'HLAA', 'HDHD2', 'CHIT1', 'NPY', 'DPP6', 'TIMP2', 'GDIA', '1433B', 'PPT1', 'GUAD', 'CAH2', 'ASM3B', 'SERC'], ['1433G', 'SIA8C', 'LYAG', 'KDM6A', 'AK1C1', 'TAU', 'GALT6', '1433Z', 'FREM2', 'LV214', 'PAL4A', 'CO7', 'ALDOA', 'LAMC3', 'ANAG', '1433B', 'GELS', 'UB2V2', 'CHLE', 'CADH5', 'HLAA', 'PGK2', 'NAGAB', 'PRG4']]","['1433B', '1433G', '1433T', '1433Z', 'A0A075B7D0', 'ABHEA', 'ACBP', 'ADA28', 'AGRB1', 'AK1C1', 'ALDOA', 'AMY2B', 'ANAG', 'ASM3B', 'B3GA3', 'C1QC', 'CADH5', 'CADH8', 'CAH10', 'CAH2', 'CATD', 'CATZ', 'CBLN4', 'CEMIP', 'CH3L1', 'CHIT1', 'CHLE', 'CK087', 'CLMP', 'CO6A2', 'CO7', 'COFA1', 'COIA1', 'CSF2R', 'DPP6', 'ENOA', 'ENPP5', 'EPHA5', 'ERAP2', 'FBLN4', 'FCG3A', 'FGL2', 'FREM2', 'FRIL', 'FUCO', 'G37L1', 'G6PI', 'GALNS', 'GALT6', 'GDIA', 'GDIB', 'GELS', 'GFRA2', 'GMFB', 'GUAD', 'HDHD2', 'HLAA', 'HV404', 'IGF2', 'K1C24', 'KDM6A', 'LAMC3', 'LRP1B', 'LTBP2', 'LTBP4', 'LV214', 'LY96', 'LYAG', 'MA1C1', 'MARCO', 'METRN', 'MMP2', 'NAGAB', 'NDKB', 'NLGN3', 'NPTX2', 'NPY', 'OLFL3', 'OMD', 'PAL4A', 'PCDGL', 'PCP', 'PGK1', 'PGK2', 'PIGR', 'PILRA', 'POTEJ', 'PPIB', 'PPT1', 'PRG4', 'PROS', 'PVR', 'RNAS6', 'SCG2', 'SEPR', 'SERC', 'SIA8C', 'SMS', 'SORL', 'SUMO4', 'SUN3', 'SV2A', 'TAU', 'TIMP2', 'TWSG1', 'UB2V2', 'VGF', 'VWF', 'XXLT1']"
15,25,"[0.3958333333333333, 0.5333333333333333, 0.5583333333333333, 0.425, 0.4833333333333333, 0.3416666666666667, 0.5375, 0.5416666666666667, 0.42916666666666664, 0.6083333333333333]",0.4854166666666666,0.08006616187739848,"(0.40579424080933946, 0.5650390925239938)","(0.3284898730066117, 0.6423434603267215)","(0.27917990068017373, 0.6916534326531595)",0.07962242585732715,0.1569267936600549,0.20623676598649288,"[['TAU', 'LTBP2', 'K1C24', 'NPTX2', 'ACBP', 'GDIA', 'AK1C1', 'FREM2', '1433G', 'VWF', 'PAL4A', 'VGF', 'CLMP', 'CATZ', '1433Z', 'CADH5', 'NDKB', 'SMS', 'PPT1', 'PGK1', 'MMP2', 'SUMO4', 'POTEJ', 'GFRA2', 'HTRA1'], ['TAU', 'RNAS6', 'CBLN4', 'ABHEA', 'B3GA3', 'PPT1', 'PGK1', 'FCG3A', 'PCDGL', '1433G', 'PILRA', 'IGF2', 'AK1C1', 'HDHD2', 'CO6A2', 'ENOA', 'LRP1B', 'PAL4A', 'CH3L1', 'CO7', '1433Z', 'AMY2B', 'FREM2', 'ADA28', 'VASN'], ['GDIA', 'LY96', 'COFA1', 'FCG3A', 'TWSG1', 'AK1C1', 'FREM2', '1433G', 'ABHEA', 'NPY', 'TAU', 'PAL4A', 'MMP2', 'CAH10', '1433B', 'POTEJ', 'CK087', 'PIGR', 'SERC', 'GELS', 'PGK2', 'GUAD', '1433T', 'C1QC', 'AGRB1'], ['1433Z', 'SCG2', 'AK1C1', 'OLFL3', 'CAH2', 'PAL4A', '1433G', 'VWF', 'TAU', 'CLMP', 'SEPR', 'CADH5', '1433B', 'CEMIP', 'CADH8', 'PVR', 'PILRA', 'AMY2B', '1433T', 'AGRB1', 'ACBP', 'COIA1', 'FCG3A', 'MA1C1', 'SUMO4'], ['1433G', 'MARCO', 'SEPR', 'FUCO', 'PIGR', 'GALNS', 'PAL4A', 'AK1C1', 'PGK1', 'MMP2', 'TAU', 'POTEJ', 'GDIA', 'PPIB', '1433B', 'ENPP5', 'CO6A2', 'GMFB', '1433Z', 'ERAP2', 'AGRB1', 'CHLE', 'HDHD2', 'CEMIP', 'SERC'], ['TAU', 'CATD', 'ABHEA', 'CAH2', 'SEPR', '1433G', 'PILRA', 'G6PI', 'SUN3', 'NPY', 'PAL4A', '1433Z', 'LTBP4', 'FREM2', 'MARCO', 'CHIT1', 'CSF2R', 'CADH5', 'GUAD', 'OMD', '1433B', 'NAGAB', 'FRIL', 'SUMO4', 'CO7'], ['1433G', 'SCG2', 'FBLN4', 'PPT1', 'PAL4A', 'CO7', 'TAU', 'CAH2', '1433Z', 'NLGN3', 'FRIL', 'CADH5', 'EPHA5', 'ACBP', 'HV404', 'SERC', '1433B', 'CHLE', 'DPP6', 'AK1C1', 'MMP2', 'NDKB', 'FREM2', 'SMS', '1433T'], ['TAU', 'SEPR', 'PROS', 'SORL', 'AK1C1', '1433G', 'AMY2B', 'NPTX2', 'CO7', 'PGK1', 'PRG4', 'PAL4A', 'CLMP', 'AGRB1', 'G6PI', 'METRN', 'HDHD2', 'G37L1', 'LAMC3', '1433Z', 'PPT1', 'FREM2', 'CH3L1', 'GDIB', 'PILRA'], ['TAU', 'POTEJ', 'FGL2', 'PCP', 'AK1C1', '1433G', 'SV2A', 'XXLT1', 'CADH5', '1433Z', 'A0A075B7D0', 'HLAA', 'HDHD2', 'CHIT1', 'NPY', 'DPP6', 'TIMP2', 'GDIA', '1433B', 'PPT1', 'GUAD', 'CAH2', 'ASM3B', 'SERC', 'FCG3A'], ['1433G', 'SIA8C', 'LYAG', 'KDM6A', 'AK1C1', 'TAU', 'GALT6', '1433Z', 'FREM2', 'LV214', 'PAL4A', 'CO7', 'ALDOA', 'LAMC3', 'ANAG', '1433B', 'GELS', 'UB2V2', 'CHLE', 'CADH5', 'HLAA', 'PGK2', 'NAGAB', 'PRG4', 'CPVL']]","['1433B', '1433G', '1433T', '1433Z', 'A0A075B7D0', 'ABHEA', 'ACBP', 'ADA28', 'AGRB1', 'AK1C1', 'ALDOA', 'AMY2B', 'ANAG', 'ASM3B', 'B3GA3', 'C1QC', 'CADH5', 'CADH8', 'CAH10', 'CAH2', 'CATD', 'CATZ', 'CBLN4', 'CEMIP', 'CH3L1', 'CHIT1', 'CHLE', 'CK087', 'CLMP', 'CO6A2', 'CO7', 'COFA1', 'COIA1', 'CPVL', 'CSF2R', 'DPP6', 'ENOA', 'ENPP5', 'EPHA5', 'ERAP2', 'FBLN4', 'FCG3A', 'FGL2', 'FREM2', 'FRIL', 'FUCO', 'G37L1', 'G6PI', 'GALNS', 'GALT6', 'GDIA', 'GDIB', 'GELS', 'GFRA2', 'GMFB', 'GUAD', 'HDHD2', 'HLAA', 'HTRA1', 'HV404', 'IGF2', 'K1C24', 'KDM6A', 'LAMC3', 'LRP1B', 'LTBP2', 'LTBP4', 'LV214', 'LY96', 'LYAG', 'MA1C1', 'MARCO', 'METRN', 'MMP2', 'NAGAB', 'NDKB', 'NLGN3', 'NPTX2', 'NPY', 'OLFL3', 'OMD', 'PAL4A', 'PCDGL', 'PCP', 'PGK1', 'PGK2', 'PIGR', 'PILRA', 'POTEJ', 'PPIB', 'PPT1', 'PRG4', 'PROS', 'PVR', 'RNAS6', 'SCG2', 'SEPR', 'SERC', 'SIA8C', 'SMS', 'SORL', 'SUMO4', 'SUN3', 'SV2A', 'TAU', 'TIMP2', 'TWSG1', 'UB2V2', 'VASN', 'VGF', 'VWF', 'XXLT1']"
16,26,"[0.42083333333333334, 0.4708333333333333, 0.525, 0.4333333333333333, 0.4833333333333333, 0.3916666666666666, 0.65, 0.5791666666666666, 0.41666666666666663, 0.5458333333333333]",0.4916666666666667,0.07830673307222341,"(0.41379391865459225, 0.5695394146787411)","(0.33818829009811724, 0.6451450432352162)","(0.28996188895405184, 0.6933714443792816)",0.07787274801207444,0.15347837656854946,0.20170477771261486,"[['TAU', 'LTBP2', 'K1C24', 'NPTX2', 'ACBP', 'GDIA', 'AK1C1', 'FREM2', '1433G', 'VWF', 'PAL4A', 'VGF', 'CLMP', 'CATZ', '1433Z', 'CADH5', 'NDKB', 'SMS', 'PPT1', 'PGK1', 'MMP2', 'SUMO4', 'POTEJ', 'GFRA2', 'HTRA1', 'PGK2'], ['TAU', 'RNAS6', 'CBLN4', 'ABHEA', 'B3GA3', 'PPT1', 'PGK1', 'FCG3A', 'PCDGL', '1433G', 'PILRA', 'IGF2', 'AK1C1', 'HDHD2', 'CO6A2', 'ENOA', 'LRP1B', 'PAL4A', 'CH3L1', 'CO7', '1433Z', 'AMY2B', 'FREM2', 'ADA28', 'VASN', 'CPVL'], ['GDIA', 'LY96', 'COFA1', 'FCG3A', 'TWSG1', 'AK1C1', 'FREM2', '1433G', 'ABHEA', 'NPY', 'TAU', 'PAL4A', 'MMP2', 'CAH10', '1433B', 'POTEJ', 'CK087', 'PIGR', 'SERC', 'GELS', 'PGK2', 'GUAD', '1433T', 'C1QC', 'AGRB1', 'GMFB'], ['1433Z', 'SCG2', 'AK1C1', 'OLFL3', 'CAH2', 'PAL4A', '1433G', 'VWF', 'TAU', 'CLMP', 'SEPR', 'CADH5', '1433B', 'CEMIP', 'CADH8', 'PVR', 'PILRA', 'AMY2B', '1433T', 'AGRB1', 'ACBP', 'COIA1', 'FCG3A', 'MA1C1', 'SUMO4', 'SMS'], ['1433G', 'MARCO', 'SEPR', 'FUCO', 'PIGR', 'GALNS', 'PAL4A', 'AK1C1', 'PGK1', 'MMP2', 'TAU', 'POTEJ', 'GDIA', 'PPIB', '1433B', 'ENPP5', 'CO6A2', 'GMFB', '1433Z', 'ERAP2', 'AGRB1', 'CHLE', 'HDHD2', 'CEMIP', 'SERC', 'TWSG1'], ['TAU', 'CATD', 'ABHEA', 'CAH2', 'SEPR', '1433G', 'PILRA', 'G6PI', 'SUN3', 'NPY', 'PAL4A', '1433Z', 'LTBP4', 'FREM2', 'MARCO', 'CHIT1', 'CSF2R', 'CADH5', 'GUAD', 'OMD', '1433B', 'NAGAB', 'FRIL', 'SUMO4', 'CO7', 'IBPL1'], ['1433G', 'SCG2', 'FBLN4', 'PPT1', 'PAL4A', 'CO7', 'TAU', 'CAH2', '1433Z', 'NLGN3', 'FRIL', 'CADH5', 'EPHA5', 'ACBP', 'HV404', 'SERC', '1433B', 'CHLE', 'DPP6', 'AK1C1', 'MMP2', 'NDKB', 'FREM2', 'SMS', '1433T', 'AMY2B'], ['TAU', 'SEPR', 'PROS', 'SORL', 'AK1C1', '1433G', 'AMY2B', 'NPTX2', 'CO7', 'PGK1', 'PRG4', 'PAL4A', 'CLMP', 'AGRB1', 'G6PI', 'METRN', 'HDHD2', 'G37L1', 'LAMC3', '1433Z', 'PPT1', 'FREM2', 'CH3L1', 'GDIB', 'PILRA', 'GUAD'], ['TAU', 'POTEJ', 'FGL2', 'PCP', 'AK1C1', '1433G', 'SV2A', 'XXLT1', 'CADH5', '1433Z', 'A0A075B7D0', 'HLAA', 'HDHD2', 'CHIT1', 'NPY', 'DPP6', 'TIMP2', 'GDIA', '1433B', 'PPT1', 'GUAD', 'CAH2', 'ASM3B', 'SERC', 'FCG3A', 'KPYM'], ['1433G', 'SIA8C', 'LYAG', 'KDM6A', 'AK1C1', 'TAU', 'GALT6', '1433Z', 'FREM2', 'LV214', 'PAL4A', 'CO7', 'ALDOA', 'LAMC3', 'ANAG', '1433B', 'GELS', 'UB2V2', 'CHLE', 'CADH5', 'HLAA', 'PGK2', 'NAGAB', 'PRG4', 'CPVL', 'GDIA']]","['1433B', '1433G', '1433T', '1433Z', 'A0A075B7D0', 'ABHEA', 'ACBP', 'ADA28', 'AGRB1', 'AK1C1', 'ALDOA', 'AMY2B', 'ANAG', 'ASM3B', 'B3GA3', 'C1QC', 'CADH5', 'CADH8', 'CAH10', 'CAH2', 'CATD', 'CATZ', 'CBLN4', 'CEMIP', 'CH3L1', 'CHIT1', 'CHLE', 'CK087', 'CLMP', 'CO6A2', 'CO7', 'COFA1', 'COIA1', 'CPVL', 'CSF2R', 'DPP6', 'ENOA', 'ENPP5', 'EPHA5', 'ERAP2', 'FBLN4', 'FCG3A', 'FGL2', 'FREM2', 'FRIL', 'FUCO', 'G37L1', 'G6PI', 'GALNS', 'GALT6', 'GDIA', 'GDIB', 'GELS', 'GFRA2', 'GMFB', 'GUAD', 'HDHD2', 'HLAA', 'HTRA1', 'HV404', 'IBPL1', 'IGF2', 'K1C24', 'KDM6A', 'KPYM', 'LAMC3', 'LRP1B', 'LTBP2', 'LTBP4', 'LV214', 'LY96', 'LYAG', 'MA1C1', 'MARCO', 'METRN', 'MMP2', 'NAGAB', 'NDKB', 'NLGN3', 'NPTX2', 'NPY', 'OLFL3', 'OMD', 'PAL4A', 'PCDGL', 'PCP', 'PGK1', 'PGK2', 'PIGR', 'PILRA', 'POTEJ', 'PPIB', 'PPT1', 'PRG4', 'PROS', 'PVR', 'RNAS6', 'SCG2', 'SEPR', 'SERC', 'SIA8C', 'SMS', 'SORL', 'SUMO4', 'SUN3', 'SV2A', 'TAU', 'TIMP2', 'TWSG1', 'UB2V2', 'VASN', 'VGF', 'VWF', 'XXLT1']"
17,27,"[0.3958333333333333, 0.5291666666666667, 0.5375, 0.5125, 0.49583333333333335, 0.375, 0.65, 0.7458333333333333, 0.44166666666666665, 0.5583333333333333]",0.5241666666666667,0.1062099597756988,"(0.41854533489233225, 0.6297879984410012)","(0.3159989707068492, 0.7323343626264842)","(0.2505879399476717, 0.7977453933856616)",0.10562133177433447,0.20816769595981752,0.27357872671899497,"[['TAU', 'LTBP2', 'K1C24', 'NPTX2', 'ACBP', 'GDIA', 'AK1C1', 'FREM2', '1433G', 'VWF', 'PAL4A', 'VGF', 'CLMP', 'CATZ', '1433Z', 'CADH5', 'NDKB', 'SMS', 'PPT1', 'PGK1', 'MMP2', 'SUMO4', 'POTEJ', 'GFRA2', 'HTRA1', 'PGK2', 'HBA'], ['TAU', 'RNAS6', 'CBLN4', 'ABHEA', 'B3GA3', 'PPT1', 'PGK1', 'FCG3A', 'PCDGL', '1433G', 'PILRA', 'IGF2', 'AK1C1', 'HDHD2', 'CO6A2', 'ENOA', 'LRP1B', 'PAL4A', 'CH3L1', 'CO7', '1433Z', 'AMY2B', 'FREM2', 'ADA28', 'VASN', 'CPVL', 'BASP1'], ['GDIA', 'LY96', 'COFA1', 'FCG3A', 'TWSG1', 'AK1C1', 'FREM2', '1433G', 'ABHEA', 'NPY', 'TAU', 'PAL4A', 'MMP2', 'CAH10', '1433B', 'POTEJ', 'CK087', 'PIGR', 'SERC', 'GELS', 'PGK2', 'GUAD', '1433T', 'C1QC', 'AGRB1', 'GMFB', '1433Z'], ['1433Z', 'SCG2', 'AK1C1', 'OLFL3', 'CAH2', 'PAL4A', '1433G', 'VWF', 'TAU', 'CLMP', 'SEPR', 'CADH5', '1433B', 'CEMIP', 'CADH8', 'PVR', 'PILRA', 'AMY2B', '1433T', 'AGRB1', 'ACBP', 'COIA1', 'FCG3A', 'MA1C1', 'SUMO4', 'SMS', 'PGK1'], ['1433G', 'MARCO', 'SEPR', 'FUCO', 'PIGR', 'GALNS', 'PAL4A', 'AK1C1', 'PGK1', 'MMP2', 'TAU', 'POTEJ', 'GDIA', 'PPIB', '1433B', 'ENPP5', 'CO6A2', 'GMFB', '1433Z', 'ERAP2', 'AGRB1', 'CHLE', 'HDHD2', 'CEMIP', 'SERC', 'TWSG1', 'FCG3A'], ['TAU', 'CATD', 'ABHEA', 'CAH2', 'SEPR', '1433G', 'PILRA', 'G6PI', 'SUN3', 'NPY', 'PAL4A', '1433Z', 'LTBP4', 'FREM2', 'MARCO', 'CHIT1', 'CSF2R', 'CADH5', 'GUAD', 'OMD', '1433B', 'NAGAB', 'FRIL', 'SUMO4', 'CO7', 'IBPL1', 'BASP1'], ['1433G', 'SCG2', 'FBLN4', 'PPT1', 'PAL4A', 'CO7', 'TAU', 'CAH2', '1433Z', 'NLGN3', 'FRIL', 'CADH5', 'EPHA5', 'ACBP', 'HV404', 'SERC', '1433B', 'CHLE', 'DPP6', 'AK1C1', 'MMP2', 'NDKB', 'FREM2', 'SMS', '1433T', 'AMY2B', 'TIMP2'], ['TAU', 'SEPR', 'PROS', 'SORL', 'AK1C1', '1433G', 'AMY2B', 'NPTX2', 'CO7', 'PGK1', 'PRG4', 'PAL4A', 'CLMP', 'AGRB1', 'G6PI', 'METRN', 'HDHD2', 'G37L1', 'LAMC3', '1433Z', 'PPT1', 'FREM2', 'CH3L1', 'GDIB', 'PILRA', 'GUAD', 'PGK2'], ['TAU', 'POTEJ', 'FGL2', 'PCP', 'AK1C1', '1433G', 'SV2A', 'XXLT1', 'CADH5', '1433Z', 'A0A075B7D0', 'HLAA', 'HDHD2', 'CHIT1', 'NPY', 'DPP6', 'TIMP2', 'GDIA', '1433B', 'PPT1', 'GUAD', 'CAH2', 'ASM3B', 'SERC', 'FCG3A', 'KPYM', 'CBLN2'], ['1433G', 'SIA8C', 'LYAG', 'KDM6A', 'AK1C1', 'TAU', 'GALT6', '1433Z', 'FREM2', 'LV214', 'PAL4A', 'CO7', 'ALDOA', 'LAMC3', 'ANAG', '1433B', 'GELS', 'UB2V2', 'CHLE', 'CADH5', 'HLAA', 'PGK2', 'NAGAB', 'PRG4', 'CPVL', 'GDIA', 'MMP2']]","['1433B', '1433G', '1433T', '1433Z', 'A0A075B7D0', 'ABHEA', 'ACBP', 'ADA28', 'AGRB1', 'AK1C1', 'ALDOA', 'AMY2B', 'ANAG', 'ASM3B', 'B3GA3', 'BASP1', 'C1QC', 'CADH5', 'CADH8', 'CAH10', 'CAH2', 'CATD', 'CATZ', 'CBLN2', 'CBLN4', 'CEMIP', 'CH3L1', 'CHIT1', 'CHLE', 'CK087', 'CLMP', 'CO6A2', 'CO7', 'COFA1', 'COIA1', 'CPVL', 'CSF2R', 'DPP6', 'ENOA', 'ENPP5', 'EPHA5', 'ERAP2', 'FBLN4', 'FCG3A', 'FGL2', 'FREM2', 'FRIL', 'FUCO', 'G37L1', 'G6PI', 'GALNS', 'GALT6', 'GDIA', 'GDIB', 'GELS', 'GFRA2', 'GMFB', 'GUAD', 'HBA', 'HDHD2', 'HLAA', 'HTRA1', 'HV404', 'IBPL1', 'IGF2', 'K1C24', 'KDM6A', 'KPYM', 'LAMC3', 'LRP1B', 'LTBP2', 'LTBP4', 'LV214', 'LY96', 'LYAG', 'MA1C1', 'MARCO', 'METRN', 'MMP2', 'NAGAB', 'NDKB', 'NLGN3', 'NPTX2', 'NPY', 'OLFL3', 'OMD', 'PAL4A', 'PCDGL', 'PCP', 'PGK1', 'PGK2', 'PIGR', 'PILRA', 'POTEJ', 'PPIB', 'PPT1', 'PRG4', 'PROS', 'PVR', 'RNAS6', 'SCG2', 'SEPR', 'SERC', 'SIA8C', 'SMS', 'SORL', 'SUMO4', 'SUN3', 'SV2A', 'TAU', 'TIMP2', 'TWSG1', 'UB2V2', 'VASN', 'VGF', 'VWF', 'XXLT1']"
18,28,"[0.4583333333333333, 0.5416666666666666, 0.5666666666666667, 0.5, 0.5208333333333334, 0.30416666666666664, 0.5, 0.6916666666666667, 0.49166666666666664, 0.5208333333333334]",0.5095833333333333,0.0911167215413529,"(0.41897159130430695, 0.6001950753623596)","(0.33099784072291666, 0.68816882594375)","(0.27488221194381113, 0.7442844547228554)",0.09061174202902633,0.17858549261041665,0.23470112138952215,"[['TAU', 'LTBP2', 'K1C24', 'NPTX2', 'ACBP', 'GDIA', 'AK1C1', 'FREM2', '1433G', 'VWF', 'PAL4A', 'VGF', 'CLMP', 'CATZ', '1433Z', 'CADH5', 'NDKB', 'SMS', 'PPT1', 'PGK1', 'MMP2', 'SUMO4', 'POTEJ', 'GFRA2', 'HTRA1', 'PGK2', 'HBA', 'BASP1'], ['TAU', 'RNAS6', 'CBLN4', 'ABHEA', 'B3GA3', 'PPT1', 'PGK1', 'FCG3A', 'PCDGL', '1433G', 'PILRA', 'IGF2', 'AK1C1', 'HDHD2', 'CO6A2', 'ENOA', 'LRP1B', 'PAL4A', 'CH3L1', 'CO7', '1433Z', 'AMY2B', 'FREM2', 'ADA28', 'VASN', 'CPVL', 'BASP1', 'HLAA'], ['GDIA', 'LY96', 'COFA1', 'FCG3A', 'TWSG1', 'AK1C1', 'FREM2', '1433G', 'ABHEA', 'NPY', 'TAU', 'PAL4A', 'MMP2', 'CAH10', '1433B', 'POTEJ', 'CK087', 'PIGR', 'SERC', 'GELS', 'PGK2', 'GUAD', '1433T', 'C1QC', 'AGRB1', 'GMFB', '1433Z', 'TRH'], ['1433Z', 'SCG2', 'AK1C1', 'OLFL3', 'CAH2', 'PAL4A', '1433G', 'VWF', 'TAU', 'CLMP', 'SEPR', 'CADH5', '1433B', 'CEMIP', 'CADH8', 'PVR', 'PILRA', 'AMY2B', '1433T', 'AGRB1', 'ACBP', 'COIA1', 'FCG3A', 'MA1C1', 'SUMO4', 'SMS', 'PGK1', 'CO6A2'], ['1433G', 'MARCO', 'SEPR', 'FUCO', 'PIGR', 'GALNS', 'PAL4A', 'AK1C1', 'PGK1', 'MMP2', 'TAU', 'POTEJ', 'GDIA', 'PPIB', '1433B', 'ENPP5', 'CO6A2', 'GMFB', '1433Z', 'ERAP2', 'AGRB1', 'CHLE', 'HDHD2', 'CEMIP', 'SERC', 'TWSG1', 'FCG3A', '1433T'], ['TAU', 'CATD', 'ABHEA', 'CAH2', 'SEPR', '1433G', 'PILRA', 'G6PI', 'SUN3', 'NPY', 'PAL4A', '1433Z', 'LTBP4', 'FREM2', 'MARCO', 'CHIT1', 'CSF2R', 'CADH5', 'GUAD', 'OMD', '1433B', 'NAGAB', 'FRIL', 'SUMO4', 'CO7', 'IBPL1', 'BASP1', 'MXRA8'], ['1433G', 'SCG2', 'FBLN4', 'PPT1', 'PAL4A', 'CO7', 'TAU', 'CAH2', '1433Z', 'NLGN3', 'FRIL', 'CADH5', 'EPHA5', 'ACBP', 'HV404', 'SERC', '1433B', 'CHLE', 'DPP6', 'AK1C1', 'MMP2', 'NDKB', 'FREM2', 'SMS', '1433T', 'AMY2B', 'TIMP2', 'CHIT1'], ['TAU', 'SEPR', 'PROS', 'SORL', 'AK1C1', '1433G', 'AMY2B', 'NPTX2', 'CO7', 'PGK1', 'PRG4', 'PAL4A', 'CLMP', 'AGRB1', 'G6PI', 'METRN', 'HDHD2', 'G37L1', 'LAMC3', '1433Z', 'PPT1', 'FREM2', 'CH3L1', 'GDIB', 'PILRA', 'GUAD', 'PGK2', 'TRFM'], ['TAU', 'POTEJ', 'FGL2', 'PCP', 'AK1C1', '1433G', 'SV2A', 'XXLT1', 'CADH5', '1433Z', 'A0A075B7D0', 'HLAA', 'HDHD2', 'CHIT1', 'NPY', 'DPP6', 'TIMP2', 'GDIA', '1433B', 'PPT1', 'GUAD', 'CAH2', 'ASM3B', 'SERC', 'FCG3A', 'KPYM', 'CBLN2', 'PAL4A'], ['1433G', 'SIA8C', 'LYAG', 'KDM6A', 'AK1C1', 'TAU', 'GALT6', '1433Z', 'FREM2', 'LV214', 'PAL4A', 'CO7', 'ALDOA', 'LAMC3', 'ANAG', '1433B', 'GELS', 'UB2V2', 'CHLE', 'CADH5', 'HLAA', 'PGK2', 'NAGAB', 'PRG4', 'CPVL', 'GDIA', 'MMP2', 'NDKB']]","['1433B', '1433G', '1433T', '1433Z', 'A0A075B7D0', 'ABHEA', 'ACBP', 'ADA28', 'AGRB1', 'AK1C1', 'ALDOA', 'AMY2B', 'ANAG', 'ASM3B', 'B3GA3', 'BASP1', 'C1QC', 'CADH5', 'CADH8', 'CAH10', 'CAH2', 'CATD', 'CATZ', 'CBLN2', 'CBLN4', 'CEMIP', 'CH3L1', 'CHIT1', 'CHLE', 'CK087', 'CLMP', 'CO6A2', 'CO7', 'COFA1', 'COIA1', 'CPVL', 'CSF2R', 'DPP6', 'ENOA', 'ENPP5', 'EPHA5', 'ERAP2', 'FBLN4', 'FCG3A', 'FGL2', 'FREM2', 'FRIL', 'FUCO', 'G37L1', 'G6PI', 'GALNS', 'GALT6', 'GDIA', 'GDIB', 'GELS', 'GFRA2', 'GMFB', 'GUAD', 'HBA', 'HDHD2', 'HLAA', 'HTRA1', 'HV404', 'IBPL1', 'IGF2', 'K1C24', 'KDM6A', 'KPYM', 'LAMC3', 'LRP1B', 'LTBP2', 'LTBP4', 'LV214', 'LY96', 'LYAG', 'MA1C1', 'MARCO', 'METRN', 'MMP2', 'MXRA8', 'NAGAB', 'NDKB', 'NLGN3', 'NPTX2', 'NPY', 'OLFL3', 'OMD', 'PAL4A', 'PCDGL', 'PCP', 'PGK1', 'PGK2', 'PIGR', 'PILRA', 'POTEJ', 'PPIB', 'PPT1', 'PRG4', 'PROS', 'PVR', 'RNAS6', 'SCG2', 'SEPR', 'SERC', 'SIA8C', 'SMS', 'SORL', 'SUMO4', 'SUN3', 'SV2A', 'TAU', 'TIMP2', 'TRFM', 'TRH', 'TWSG1', 'UB2V2', 'VASN', 'VGF', 'VWF', 'XXLT1']"
19,29,"[0.4083333333333333, 0.4666666666666666, 0.5, 0.4958333333333333, 0.5958333333333333, 0.3125, 0.6124999999999999, 0.6166666666666667, 0.41666666666666663, 0.5583333333333333]",0.49833333333333335,0.09510958591715839,"(0.4037508558491999, 0.5929158108174668)","(0.31192197035118496, 0.6847446963154817)","(0.2533472748795149, 0.7433193917871518)",0.09458247748413345,0.1864113629821484,0.24498605845381843,"[['TAU', 'LTBP2', 'K1C24', 'NPTX2', 'ACBP', 'GDIA', 'AK1C1', 'FREM2', '1433G', 'VWF', 'PAL4A', 'VGF', 'CLMP', 'CATZ', '1433Z', 'CADH5', 'NDKB', 'SMS', 'PPT1', 'PGK1', 'MMP2', 'SUMO4', 'POTEJ', 'GFRA2', 'HTRA1', 'PGK2', 'HBA', 'BASP1', 'SNED1'], ['TAU', 'RNAS6', 'CBLN4', 'ABHEA', 'B3GA3', 'PPT1', 'PGK1', 'FCG3A', 'PCDGL', '1433G', 'PILRA', 'IGF2', 'AK1C1', 'HDHD2', 'CO6A2', 'ENOA', 'LRP1B', 'PAL4A', 'CH3L1', 'CO7', '1433Z', 'AMY2B', 'FREM2', 'ADA28', 'VASN', 'CPVL', 'BASP1', 'HLAA', 'MMP2'], ['GDIA', 'LY96', 'COFA1', 'FCG3A', 'TWSG1', 'AK1C1', 'FREM2', '1433G', 'ABHEA', 'NPY', 'TAU', 'PAL4A', 'MMP2', 'CAH10', '1433B', 'POTEJ', 'CK087', 'PIGR', 'SERC', 'GELS', 'PGK2', 'GUAD', '1433T', 'C1QC', 'AGRB1', 'GMFB', '1433Z', 'TRH', 'CO7'], ['1433Z', 'SCG2', 'AK1C1', 'OLFL3', 'CAH2', 'PAL4A', '1433G', 'VWF', 'TAU', 'CLMP', 'SEPR', 'CADH5', '1433B', 'CEMIP', 'CADH8', 'PVR', 'PILRA', 'AMY2B', '1433T', 'AGRB1', 'ACBP', 'COIA1', 'FCG3A', 'MA1C1', 'SUMO4', 'SMS', 'PGK1', 'CO6A2', 'TWSG1'], ['1433G', 'MARCO', 'SEPR', 'FUCO', 'PIGR', 'GALNS', 'PAL4A', 'AK1C1', 'PGK1', 'MMP2', 'TAU', 'POTEJ', 'GDIA', 'PPIB', '1433B', 'ENPP5', 'CO6A2', 'GMFB', '1433Z', 'ERAP2', 'AGRB1', 'CHLE', 'HDHD2', 'CEMIP', 'SERC', 'TWSG1', 'FCG3A', '1433T', 'CAH10'], ['TAU', 'CATD', 'ABHEA', 'CAH2', 'SEPR', '1433G', 'PILRA', 'G6PI', 'SUN3', 'NPY', 'PAL4A', '1433Z', 'LTBP4', 'FREM2', 'MARCO', 'CHIT1', 'CSF2R', 'CADH5', 'GUAD', 'OMD', '1433B', 'NAGAB', 'FRIL', 'SUMO4', 'CO7', 'IBPL1', 'BASP1', 'MXRA8', 'DPP6'], ['1433G', 'SCG2', 'FBLN4', 'PPT1', 'PAL4A', 'CO7', 'TAU', 'CAH2', '1433Z', 'NLGN3', 'FRIL', 'CADH5', 'EPHA5', 'ACBP', 'HV404', 'SERC', '1433B', 'CHLE', 'DPP6', 'AK1C1', 'MMP2', 'NDKB', 'FREM2', 'SMS', '1433T', 'AMY2B', 'TIMP2', 'CHIT1', 'PAFA'], ['TAU', 'SEPR', 'PROS', 'SORL', 'AK1C1', '1433G', 'AMY2B', 'NPTX2', 'CO7', 'PGK1', 'PRG4', 'PAL4A', 'CLMP', 'AGRB1', 'G6PI', 'METRN', 'HDHD2', 'G37L1', 'LAMC3', '1433Z', 'PPT1', 'FREM2', 'CH3L1', 'GDIB', 'PILRA', 'GUAD', 'PGK2', 'TRFM', 'PAFA'], ['TAU', 'POTEJ', 'FGL2', 'PCP', 'AK1C1', '1433G', 'SV2A', 'XXLT1', 'CADH5', '1433Z', 'A0A075B7D0', 'HLAA', 'HDHD2', 'CHIT1', 'NPY', 'DPP6', 'TIMP2', 'GDIA', '1433B', 'PPT1', 'GUAD', 'CAH2', 'ASM3B', 'SERC', 'FCG3A', 'KPYM', 'CBLN2', 'PAL4A', 'PAI1'], ['1433G', 'SIA8C', 'LYAG', 'KDM6A', 'AK1C1', 'TAU', 'GALT6', '1433Z', 'FREM2', 'LV214', 'PAL4A', 'CO7', 'ALDOA', 'LAMC3', 'ANAG', '1433B', 'GELS', 'UB2V2', 'CHLE', 'CADH5', 'HLAA', 'PGK2', 'NAGAB', 'PRG4', 'CPVL', 'GDIA', 'MMP2', 'NDKB', '1433T']]","['1433B', '1433G', '1433T', '1433Z', 'A0A075B7D0', 'ABHEA', 'ACBP', 'ADA28', 'AGRB1', 'AK1C1', 'ALDOA', 'AMY2B', 'ANAG', 'ASM3B', 'B3GA3', 'BASP1', 'C1QC', 'CADH5', 'CADH8', 'CAH10', 'CAH2', 'CATD', 'CATZ', 'CBLN2', 'CBLN4', 'CEMIP', 'CH3L1', 'CHIT1', 'CHLE', 'CK087', 'CLMP', 'CO6A2', 'CO7', 'COFA1', 'COIA1', 'CPVL', 'CSF2R', 'DPP6', 'ENOA', 'ENPP5', 'EPHA5', 'ERAP2', 'FBLN4', 'FCG3A', 'FGL2', 'FREM2', 'FRIL', 'FUCO', 'G37L1', 'G6PI', 'GALNS', 'GALT6', 'GDIA', 'GDIB', 'GELS', 'GFRA2', 'GMFB', 'GUAD', 'HBA', 'HDHD2', 'HLAA', 'HTRA1', 'HV404', 'IBPL1', 'IGF2', 'K1C24', 'KDM6A', 'KPYM', 'LAMC3', 'LRP1B', 'LTBP2', 'LTBP4', 'LV214', 'LY96', 'LYAG', 'MA1C1', 'MARCO', 'METRN', 'MMP2', 'MXRA8', 'NAGAB', 'NDKB', 'NLGN3', 'NPTX2', 'NPY', 'OLFL3', 'OMD', 'PAFA', 'PAI1', 'PAL4A', 'PCDGL', 'PCP', 'PGK1', 'PGK2', 'PIGR', 'PILRA', 'POTEJ', 'PPIB', 'PPT1', 'PRG4', 'PROS', 'PVR', 'RNAS6', 'SCG2', 'SEPR', 'SERC', 'SIA8C', 'SMS', 'SNED1', 'SORL', 'SUMO4', 'SUN3', 'SV2A', 'TAU', 'TIMP2', 'TRFM', 'TRH', 'TWSG1', 'UB2V2', 'VASN', 'VGF', 'VWF', 'XXLT1']"
20,30,"[0.38333333333333336, 0.49166666666666664, 0.5166666666666667, 0.5125, 0.44166666666666665, 0.37916666666666665, 0.5625, 0.6041666666666666, 0.4666666666666666, 0.5083333333333334]",0.4866666666666667,0.06802777210652851,"(0.41901591241813285, 0.5543174209152005)","(0.35333468338937235, 0.619998649943961)","(0.311438737819524, 0.6618945955138094)",0.06765075424853384,0.13333198327729434,0.17522792884714267,"[['TAU', 'LTBP2', 'K1C24', 'NPTX2', 'ACBP', 'GDIA', 'AK1C1', 'FREM2', '1433G', 'VWF', 'PAL4A', 'VGF', 'CLMP', 'CATZ', '1433Z', 'CADH5', 'NDKB', 'SMS', 'PPT1', 'PGK1', 'MMP2', 'SUMO4', 'POTEJ', 'GFRA2', 'HTRA1', 'PGK2', 'HBA', 'BASP1', 'SNED1', 'AMY2B'], ['TAU', 'RNAS6', 'CBLN4', 'ABHEA', 'B3GA3', 'PPT1', 'PGK1', 'FCG3A', 'PCDGL', '1433G', 'PILRA', 'IGF2', 'AK1C1', 'HDHD2', 'CO6A2', 'ENOA', 'LRP1B', 'PAL4A', 'CH3L1', 'CO7', '1433Z', 'AMY2B', 'FREM2', 'ADA28', 'VASN', 'CPVL', 'BASP1', 'HLAA', 'MMP2', 'GDIA'], ['GDIA', 'LY96', 'COFA1', 'FCG3A', 'TWSG1', 'AK1C1', 'FREM2', '1433G', 'ABHEA', 'NPY', 'TAU', 'PAL4A', 'MMP2', 'CAH10', '1433B', 'POTEJ', 'CK087', 'PIGR', 'SERC', 'GELS', 'PGK2', 'GUAD', '1433T', 'C1QC', 'AGRB1', 'GMFB', '1433Z', 'TRH', 'CO7', 'GDIB'], ['1433Z', 'SCG2', 'AK1C1', 'OLFL3', 'CAH2', 'PAL4A', '1433G', 'VWF', 'TAU', 'CLMP', 'SEPR', 'CADH5', '1433B', 'CEMIP', 'CADH8', 'PVR', 'PILRA', 'AMY2B', '1433T', 'AGRB1', 'ACBP', 'COIA1', 'FCG3A', 'MA1C1', 'SUMO4', 'SMS', 'PGK1', 'CO6A2', 'TWSG1', 'C1QC'], ['1433G', 'MARCO', 'SEPR', 'FUCO', 'PIGR', 'GALNS', 'PAL4A', 'AK1C1', 'PGK1', 'MMP2', 'TAU', 'POTEJ', 'GDIA', 'PPIB', '1433B', 'ENPP5', 'CO6A2', 'GMFB', '1433Z', 'ERAP2', 'AGRB1', 'CHLE', 'HDHD2', 'CEMIP', 'SERC', 'TWSG1', 'FCG3A', '1433T', 'CAH10', 'PGK2'], ['TAU', 'CATD', 'ABHEA', 'CAH2', 'SEPR', '1433G', 'PILRA', 'G6PI', 'SUN3', 'NPY', 'PAL4A', '1433Z', 'LTBP4', 'FREM2', 'MARCO', 'CHIT1', 'CSF2R', 'CADH5', 'GUAD', 'OMD', '1433B', 'NAGAB', 'FRIL', 'SUMO4', 'CO7', 'IBPL1', 'BASP1', 'MXRA8', 'DPP6', 'PGK1'], ['1433G', 'SCG2', 'FBLN4', 'PPT1', 'PAL4A', 'CO7', 'TAU', 'CAH2', '1433Z', 'NLGN3', 'FRIL', 'CADH5', 'EPHA5', 'ACBP', 'HV404', 'SERC', '1433B', 'CHLE', 'DPP6', 'AK1C1', 'MMP2', 'NDKB', 'FREM2', 'SMS', '1433T', 'AMY2B', 'TIMP2', 'CHIT1', 'PAFA', 'CBR3'], ['TAU', 'SEPR', 'PROS', 'SORL', 'AK1C1', '1433G', 'AMY2B', 'NPTX2', 'CO7', 'PGK1', 'PRG4', 'PAL4A', 'CLMP', 'AGRB1', 'G6PI', 'METRN', 'HDHD2', 'G37L1', 'LAMC3', '1433Z', 'PPT1', 'FREM2', 'CH3L1', 'GDIB', 'PILRA', 'GUAD', 'PGK2', 'TRFM', 'PAFA', 'MYDGF'], ['TAU', 'POTEJ', 'FGL2', 'PCP', 'AK1C1', '1433G', 'SV2A', 'XXLT1', 'CADH5', '1433Z', 'A0A075B7D0', 'HLAA', 'HDHD2', 'CHIT1', 'NPY', 'DPP6', 'TIMP2', 'GDIA', '1433B', 'PPT1', 'GUAD', 'CAH2', 'ASM3B', 'SERC', 'FCG3A', 'KPYM', 'CBLN2', 'PAL4A', 'PAI1', 'PGK1'], ['1433G', 'SIA8C', 'LYAG', 'KDM6A', 'AK1C1', 'TAU', 'GALT6', '1433Z', 'FREM2', 'LV214', 'PAL4A', 'CO7', 'ALDOA', 'LAMC3', 'ANAG', '1433B', 'GELS', 'UB2V2', 'CHLE', 'CADH5', 'HLAA', 'PGK2', 'NAGAB', 'PRG4', 'CPVL', 'GDIA', 'MMP2', 'NDKB', '1433T', 'PROF2']]","['1433B', '1433G', '1433T', '1433Z', 'A0A075B7D0', 'ABHEA', 'ACBP', 'ADA28', 'AGRB1', 'AK1C1', 'ALDOA', 'AMY2B', 'ANAG', 'ASM3B', 'B3GA3', 'BASP1', 'C1QC', 'CADH5', 'CADH8', 'CAH10', 'CAH2', 'CATD', 'CATZ', 'CBLN2', 'CBLN4', 'CBR3', 'CEMIP', 'CH3L1', 'CHIT1', 'CHLE', 'CK087', 'CLMP', 'CO6A2', 'CO7', 'COFA1', 'COIA1', 'CPVL', 'CSF2R', 'DPP6', 'ENOA', 'ENPP5', 'EPHA5', 'ERAP2', 'FBLN4', 'FCG3A', 'FGL2', 'FREM2', 'FRIL', 'FUCO', 'G37L1', 'G6PI', 'GALNS', 'GALT6', 'GDIA', 'GDIB', 'GELS', 'GFRA2', 'GMFB', 'GUAD', 'HBA', 'HDHD2', 'HLAA', 'HTRA1', 'HV404', 'IBPL1', 'IGF2', 'K1C24', 'KDM6A', 'KPYM', 'LAMC3', 'LRP1B', 'LTBP2', 'LTBP4', 'LV214', 'LY96', 'LYAG', 'MA1C1', 'MARCO', 'METRN', 'MMP2', 'MXRA8', 'MYDGF', 'NAGAB', 'NDKB', 'NLGN3', 'NPTX2', 'NPY', 'OLFL3', 'OMD', 'PAFA', 'PAI1', 'PAL4A', 'PCDGL', 'PCP', 'PGK1', 'PGK2', 'PIGR', 'PILRA', 'POTEJ', 'PPIB', 'PPT1', 'PRG4', 'PROF2', 'PROS', 'PVR', 'RNAS6', 'SCG2', 'SEPR', 'SERC', 'SIA8C', 'SMS', 'SNED1', 'SORL', 'SUMO4', 'SUN3', 'SV2A', 'TAU', 'TIMP2', 'TRFM', 'TRH', 'TWSG1', 'UB2V2', 'VASN', 'VGF', 'VWF', 'XXLT1']"
